,index_left,station,geometry
0,5691,7000,POINT (-8838317.170326171 5409873.483322544)
1,6219,7001,POINT (-8836936.39845795 5413740.160867817)
2,5602,7002,POINT (-8838704.005556678 5414104.699313082)
3,5499,7003,POINT (-8839074.922100002 5414077.76824505)
4,6009,7004,POINT (-8837554.075216783 5412440.506790795)
5,6210,7005,POINT (-8836894.841192307 5411130.106514699)
6,6114,7006,POINT (-8837156.21935669 5413043.828495697)
7,5597,7007,POINT (-8838563.520359298 5412691.309039642)
8,5909,7008,POINT (-8837890.927995924 5413495.7685746215)
9,6623,7009,POINT (-8835682.571937567 5411487.674177236)
10,5694,7010,POINT (-8838211.305490429 5410718.156243722)
11,6111,7012,POINT (-8837134.178097513 5412364.805854521)
12,6630,7014,POINT (-8835782.091562338 5413453.605030856)
13,6313,7015,POINT (-8836605.299196754 5411209.981887252)
14,6413,7016,POINT (-8836183.287007155 5410049.764539824)
15,6104,7018,POINT (-8837291.583857493 5410134.522238321)
16,5696,7020,POINT (-8838384.07334014 5411442.750537357)
17,6213,7021,POINT (-8836814.802478425 5411939.845852232)
18,6005,7022,POINT (-8837353.811452847 5411513.059207304)
19,5391,7023,POINT (-8839390.958134364 5412530.0562601425)
20,6220,7024,POINT (-8836705.93201643 5413996.513841311)
21,6325,7025,POINT (-8836593.610650219 5414714.131901636)
22,6013,7026,POINT (-8837375.964031516 5413826.774466794)
23,5801,7027,POINT (-8838031.524512796 5411871.995612093)
24,6421,7028,POINT (-8836184.956799518 5412699.310205044)
25,6015,7029,POINT (-8837559.752510816 5414427.416561677)
26,6012,7030,POINT (-8837330.990957234 5413605.333135552)
27,6324,7031,POINT (-8836472.717683218 5414359.855842146)
28,5492,7032,POINT (-8838929.650164515 5411818.146569788)
29,6312,7033,POINT (-8836584.148493502 5410762.153342801)
30,6222,7034,POINT (-8836866.120763682 5414728.906524204)
31,4766,7035,POINT (-8840946.759337692 5410510.788121502)
32,7036,7036,POINT (-8834340.392837074 5411640.446956731)
33,5285,7037,POINT (-8839446.37297688 5411737.696685241)
34,6214,7038,POINT (-8836706.377294393 5412375.268548611)
35,6006,7039,POINT (-8837459.990165997 5411795.718398235)
36,4983,7040,POINT (-8840413.20501832 5413663.655250613)
37,6215,7041,POINT (-8836845.749296864 5412472.972219765)
38,6529,7042,POINT (-8835873.262225296 5414099.620877102)
39,6206,7043,POINT (-8836954.953717334 5409823.952904985)
40,6321,7044,POINT (-8836573.239183404 5413549.01186468)
41,6419,7045,POINT (-8836175.605962291 5411935.537885662)
42,5179,7046,POINT (-8839835.902139066 5410720.77145005)
43,6009,7047,POINT (-8837561.422303177 5412632.069857531)
44,6415,7048,POINT (-8836314.310047818 5410844.456170987)
45,6522,7050,POINT (-8835897.975152252 5411842.917090272)
46,6313,7052,POINT (-8836527.59819218 5411015.986850967)
47,6003,7053,POINT (-8837412.810782967 5410800.612517075)
48,5897,7054,POINT (-8837771.370862814 5410010.385546918)
49,6423,7055,POINT (-8836114.825520318 5413294.801002104)
50,6835,7056,POINT (-8834947.039534101 5413304.341477145)
51,6106,7057,POINT (-8837138.452765958 5410800.289459345)
52,5600,7058,POINT (-8838773.468918934 5413545.626444038)
53,5899,7059,POINT (-8837707.473475097 5410433.564683468)
54,5293,7061,POINT (-8839507.097759109 5413944.837643483)
55,5907,7062,POINT (-8837678.085129527 5412857.180770322)
56,5809,7063,POINT (-8838088.408772593 5414277.521692537)
57,7036,7064,POINT (-8834559.469594955 5411753.066574634)
58,6834,7065,POINT (-8834956.991496576 5412910.881996594)
59,5599,7066,POINT (-8838515.430339275 5413297.109180646)
60,6517,7067,POINT (-8836030.556665786 5410483.098368316)
61,10142,7068,POINT (-8825373.830492655 5416526.646599041)
62,5696,7069,POINT (-8838267.076555315 5411306.442473624)
63,6311,7070,POINT (-8836587.265439246 5410463.407927641)
64,6632,7071,POINT (-8835798.344207993 5413935.41961832)
65,5586,7072,POINT (-8838772.244404534 5409378.037278029)
66,5794,7073,POINT (-8838016.051103575 5409916.861111235)
67,6520,7074,POINT (-8835801.360966193 5411443.704393192)
68,5689,7075,POINT (-8838306.038377093 5409366.039845362)
69,6309,7076,POINT (-8836592.831413785 5409919.62991317)
70,6216,7077,POINT (-8836849.200201081 5412941.964224335)
71,5391,7078,POINT (-8839123.791356461 5412606.989487085)
72,6320,7079,POINT (-8836435.648292784 5413083.066543374)
73,9424,7083,POINT (-8827687.16083083 5417335.766141918)
74,3016,7084,POINT (-8846082.628760777 5410760.614979159)
75,9217,7085,POINT (-8828175.296797961 5417181.513648525)
76,3020,7086,POINT (-8846050.457427936 5411823.485303682)
77,8701,7087,POINT (-8829502.113808725 5416786.6574791195)
78,8494,7088,POINT (-8830191.626734698 5416574.227226975)
79,6321,7089,POINT (-8836530.381179448 5413393.591559571)
80,8288,7090,POINT (-8830914.53550791 5416360.724353856)
81,7978,7091,POINT (-8831797.68868812 5416225.729049769)
82,7669,7092,POINT (-8832540.579309927 5416088.580767321)
83,7668,7093,POINT (-8832788.487815924 5415808.133493356)
84,7462,7094,POINT (-8833352.58820357 5415820.816545155)
85,7255,7095,POINT (-8833944.095449848 5415604.191180866)
86,8092,7096,POINT (-8831384.960544052 5419553.130295694)
87,7252,7097,POINT (-8833725.24133095 5414695.509754773)
88,7353,7098,POINT (-8833587.873079311 5414179.491148111)
89,7139,7099,POINT (-8834086.205911795 5411651.939633535)
90,7040,7100,POINT (-8834456.721704952 5413008.129710829)
91,6829,7101,POINT (-8835100.816278683 5411230.750827963)
92,5902,7102,POINT (-8837624.095176494 5411239.366105956)
93,7659,7103,POINT (-8832507.662136499 5413062.493475634)
94,7245,7104,POINT (-8833899.99629929 5412481.555244788)
95,7038,7105,POINT (-8834469.399758069 5412377.899610314)
96,7345,7106,POINT (-8833697.522777742 5411779.067747029)
97,7241,7107,POINT (-8833962.129207356 5411480.59715098)
98,7140,7108,POINT (-8834136.121571468 5411850.917521013)
99,6731,7109,POINT (-8835383.011187844 5412788.092832312)
100,6832,7110,POINT (-8834964.153050484 5412249.686229251)
101,4971,7111,POINT (-8840590.870925624 5410035.458870651)
102,4660,7112,POINT (-8841455.489410615 5409588.763954887)
103,6837,7114,POINT (-8835197.552916182 5413672.426682355)
104,6428,7115,POINT (-8836136.755460003 5414708.760716582)
105,6842,7117,POINT (-8835096.21031928 5415236.733053555)
106,6314,7118,POINT (-8836545.854588669 5411218.443301908)
107,7043,7119,POINT (-8834593.755998118 5413879.096334935)
108,7145,7120,POINT (-8834151.594980689 5413590.714193448)
109,6524,7121,POINT (-8835957.419760335 5412555.598020449)
110,5383,7122,POINT (-8839262.272803007 5410112.98663328)
111,5693,7123,POINT (-8838394.537372274 5410489.0978078)
112,7454,7124,POINT (-8833324.491164094 5413340.195285953)
113,6016,7126,POINT (-8837407.022169447 5414814.322774182)
114,5914,7127,POINT (-8837674.411586331 5414846.334833518)
115,6018,7128,POINT (-8837527.247219503 5415360.389827981)
116,5709,7129,POINT (-8838352.681243734 5415283.279754871)
117,5606,7130,POINT (-8838581.776755787 5415199.398270672)
118,5603,7131,POINT (-8838594.244538756 5414493.592688567)
119,5398,7132,POINT (-8839344.315267721 5414564.078480025)
120,5919,7133,POINT (-8837716.267714871 5416353.4896638)
121,4763,7135,POINT (-8840961.7540731 5409653.351874243)
122,4146,7136,POINT (-8842757.370855443 5409996.84905686)
123,4989,7137,POINT (-8840561.037302092 5415541.239331367)
124,4679,7138,POINT (-8841426.880301483 5415327.452512399)
125,5401,7139,POINT (-8839386.06007677 5415712.241565871)
126,5297,7140,POINT (-8839544.57903166 5415406.40991889)
127,5194,7141,POINT (-8839911.710712295 5415370.240262935)
128,4988,7142,POINT (-8840406.414529381 5415199.0904501155)
129,5295,7143,POINT (-8839693.41319085 5414747.990446664)
130,4986,7144,POINT (-8840591.984120531 5414728.906524204)
131,4579,7146,POINT (-8841550.556255754 5416054.255533816)
132,4558,7147,POINT (-8841581.478336528 5409813.862268614)
133,4661,7148,POINT (-8841395.933483042 5409813.800740377)
134,4779,7149,POINT (-8841086.725044115 5414515.138506606)
135,4257,7150,POINT (-8842509.140759807 5412292.428953978)
136,4779,7151,POINT (-8841024.880882563 5414301.390825606)
137,4569,7152,POINT (-8841632.264761997 5413238.635502001)
138,4879,7153,POINT (-8840870.270478684 5413574.694937142)
139,5087,7154,POINT (-8840066.29637851 5414002.161614822)
140,5188,7155,POINT (-8839935.421763832 5413562.24579364)
141,4363,7156,POINT (-8842292.686194375 5413104.501359018)
142,4157,7157,POINT (-8842756.517406013 5413104.506488199)
143,5074,7158,POINT (-8840004.452216959 5410241.154987829)
144,5384,7160,POINT (-8839386.01060144 5410412.079658411)
145,5700,7161,POINT (-8838241.893612731 5412591.602790446)
146,6113,7162,POINT (-8837159.62078558 5412848.051080001)
147,6218,7163,POINT (-8836819.477897039 5413318.221347138)
148,6318,7164,POINT (-8836654.613731174 5412579.908918138)
149,6626,7167,POINT (-8835551.672585227 5412121.459241453)
150,6516,7168,POINT (-8836018.868119255 5410152.519889598)
151,6312,7169,POINT (-8836420.063564073 5410847.2252508495)
152,5496,7170,POINT (-8838922.1793898 5413232.741991237)
153,5172,7171,POINT (-8839970.988341141 5408706.435733217)
154,5174,7172,POINT (-8839757.075570751 5409130.247310254)
155,3336,7173,POINT (-8845261.205948863 5414002.156998111)
156,3537,7174,POINT (-8844519.07601024 5412420.642928184)
157,5999,7175,POINT (-8837376.297989987 5409585.533801683)
158,5588,7176,POINT (-8838722.48459215 5409773.0383735495)
159,3537,7178,POINT (-8844618.410102526 5412544.211925807)
160,3950,7180,POINT (-8843560.318342537 5412787.53889993)
161,3947,7181,POINT (-8843374.959021533 5412035.989247776)
162,3946,7182,POINT (-8843560.491506193 5411565.880806532)
163,4049,7183,POINT (-8843073.406889806 5411628.138884973)
164,4669,7184,POINT (-8841287.174340537 5412128.706003615)
165,4762,7188,POINT (-8840963.03672101 5409386.599557879)
166,5492,7189,POINT (-8838954.129320541 5412017.08187937)
167,5600,7190,POINT (-8838552.11011149 5413551.827920069)
168,5290,7191,POINT (-8839646.547685225 5413280.182551397)
169,4981,7192,POINT (-8840509.273738872 5413039.981637249)
170,4457,7193,POINT (-8841828.854982736 5410369.349049009)
171,8395,7194,POINT (-8830565.437584782 5417680.457423187)
172,5186,7195,POINT (-8839757.075570751 5412976.277894227)
173,4671,7196,POINT (-8841326.581440277 5412830.099468023)
174,4663,7197,POINT (-8841300.900033752 5410493.1282026665)
175,4250,7198,POINT (-8842422.9671051 5410037.76623515)
176,5185,7199,POINT (-8839787.99765153 5412420.641218585)
177,6212,7202,POINT (-8836841.196329692 5411713.449544349)
178,5586,7203,POINT (-8838573.093835505 5409205.921754103)
179,4875,7204,POINT (-8840870.282847514 5412206.943702257)
180,4462,7205,POINT (-8842076.231381567 5411865.038298175)
181,5079,7206,POINT (-8840071.899459545 5411634.754471503)
182,4872,7207,POINT (-8840653.766437922 5411394.904024108)
183,4978,7208,POINT (-8840399.846679423 5412406.3489744635)
184,4770,7209,POINT (-8841148.569205668 5411608.616949224)
185,4253,7210,POINT (-8842447.296598254 5411053.06251059)
186,5278,7211,POINT (-8839447.95371365 5409496.474308006)
187,5177,7216,POINT (-8839843.616579778 5410052.487234207)
188,5799,7217,POINT (-8838047.888477944 5411359.150071125)
189,3011,7220,POINT (-8846012.57540522 5409273.598610819)
190,3020,7221,POINT (-8846062.290689807 5412108.535093742)
191,3424,7222,POINT (-8844870.437429681 5409575.381898964)
192,3227,7223,POINT (-8845452.63836653 5412130.167665462)
193,3020,7224,POINT (-8846009.66996651 5411980.294679149)
194,2907,7225,POINT (-8846310.911640545 5409114.251165676)
195,3835,7226,POINT (-8843773.161208931 5409396.494897155)
196,4348,7227,POINT (-8842151.681506038 5408576.550718854)
197,3939,7228,POINT (-8843479.021718409 5409483.369252872)
198,3638,7229,POINT (-8844475.887758464 5411964.893640493)
199,3736,7230,POINT (-8844101.442387281 5410479.09874416)
200,3944,7231,POINT (-8843525.475341916 5410926.452053964)
201,4043,7232,POINT (-8843133.853373306 5409938.550081929)
202,4351,7233,POINT (-8842300.181706756 5409579.688765423)
203,3636,7234,POINT (-8844427.274536831 5411513.366905066)
204,6113,7235,POINT (-8837170.690890493 5412989.664876233)
205,7452,7236,POINT (-8833237.773280766 5412894.87930626)
206,3746,7237,POINT (-8843937.691416325 5413489.767182559)
207,3842,7238,POINT (-8843722.254805792 5411310.288610384)
208,4982,7239,POINT (-8840562.484455472 5413578.249640034)
209,4673,7240,POINT (-8841338.826584265 5413346.042701443)
210,6323,7241,POINT (-8836646.966082156 5413950.4699964505)
211,4759,7242,POINT (-8841029.247080369 5408400.297596774)
212,4865,7243,POINT (-8840857.158279551 5409161.11687137)
213,4555,7244,POINT (-8841626.142190002 5408895.383622047)
214,5282,7245,POINT (-8839487.583452372 5410907.222184958)
215,6118,7246,POINT (-8837268.318083918 5414510.367642567)
216,3740,7247,POINT (-8844177.696238475 5411760.759221565)
217,5596,7248,POINT (-8838594.80113621 5412192.326972737)
218,4667,7249,POINT (-8841410.516336337 5411613.830772162)
219,5702,7250,POINT (-8838445.521699058 5413021.824486992)
220,5809,7251,POINT (-8838169.070872247 5414284.3001925945)
221,5395,7252,POINT (-8839323.943800906 5413875.864681551)
222,6003,7253,POINT (-8837598.714332592 5410837.687312594)
223,5592,7256,POINT (-8838587.231410837 5411197.212857988)
224,5905,7257,POINT (-8837602.220896551 5412132.69095593)
225,8175,7258,POINT (-8831239.009559674 5413386.020657042)
226,5896,7259,POINT (-8837868.107500311 5409668.133788273)
227,5695,7260,POINT (-8838248.75336713 5411007.20255673)
228,6930,7261,POINT (-8834860.032220095 5410701.542009046)
229,4682,7262,POINT (-8841324.399578258 5416195.313048406)
230,6112,7263,POINT (-8837243.605156962 5412643.6099281525)
231,6325,7264,POINT (-8836449.11795117 5414751.376307994)
232,3642,7265,POINT (-8844281.668642875 5413180.00831682)
233,9839,7266,POINT (-8826409.346659914 5418211.836788264)
234,6627,7267,POINT (-8835689.139787525 5412713.927736651)
235,6421,7268,POINT (-8836373.865975393 5412503.437512791)
236,6317,7269,POINT (-8836613.870797543 5412273.257786612)
237,6421,7270,POINT (-8836235.82980681 5412518.362465733)
238,6218,7271,POINT (-8836938.81239117 5413416.673617775)
239,6116,7272,POINT (-8837075.067447899 5413868.939713821)
240,6015,7273,POINT (-8837533.035833023 5414230.891649204)
241,5908,7274,POINT (-8837618.974479916 5413253.7155205505)
242,6315,7275,POINT (-8836619.214133102 5411787.837389721)
243,6015,7276,POINT (-8837409.693837225 5414500.210327331)
244,6642,7277,POINT (-8835628.35934555 5416916.2731203865)
245,8073,7278,POINT (-8831468.349974606 5413879.557999796)
246,6025,7279,POINT (-8837549.733756643 5417285.579918155)
247,6324,7280,POINT (-8836671.534293775 5414454.1947512645)
248,6015,7281,POINT (-8837348.245478308 5414273.05874091)
249,6312,7283,POINT (-8836403.254320962 5410814.611696244)
250,6107,7284,POINT (-8837074.71122553 5411095.907389662)
251,5497,7285,POINT (-8838972.964578385 5413426.029561791)
252,7352,7286,POINT (-8833430.355999837 5413846.62596423)
253,7968,7287,POINT (-8831842.272144182 5413233.711419641)
254,2489,7288,POINT (-8847704.742984768 5407199.128248004)
255,2802,7289,POINT (-8846811.760293523 5408498.620586272)
256,6827,7291,POINT (-8834911.951630602 5410688.589080138)
257,6320,7292,POINT (-8836423.815030916 5413201.012501812)
258,4365,7296,POINT (-8842368.754513083 5413795.9970357325)
259,4361,7297,POINT (-8842231.83153941 5412567.44572842)
260,5385,7298,POINT (-8839151.621229159 5410718.310079369)
261,7035,7299,POINT (-8834496.240124185 5411477.058639886)
262,3853,7301,POINT (-8843882.365629401 5414733.6775011225)
263,4370,7302,POINT (-8842158.917272938 5415272.813766623)
264,8588,7303,POINT (-8829839.300546337 5413787.071599906)
265,8692,7309,POINT (-8829605.1956572 5413934.034615431)
266,6530,7311,POINT (-8836091.559746742 5414449.885612067)
267,6942,7312,POINT (-8834707.190559236 5414287.370972725)
268,8793,7313,POINT (-8829330.23651494 5413402.670495584)
269,8898,7314,POINT (-8829006.519435713 5414085.462827904)
270,9621,7315,POINT (-8827024.475902138 5414722.750428596)
271,9828,7316,POINT (-8826411.10550787 5414910.821001442)
272,9826,7317,POINT (-8826405.428213838 5414411.719038356)
273,9723,7318,POINT (-8826651.778246963 5414304.761133698)
274,8482,7319,POINT (-8830351.81548195 5413007.9758370565)
275,6209,7320,POINT (-8836894.696476968 5410693.619490991)
276,6209,7321,POINT (-8836851.916396657 5410714.1872849455)
277,5073,7322,POINT (-8840055.936244566 5409788.220411429)
278,5694,7323,POINT (-8838330.573192863 5410700.63438042)
279,5797,7324,POINT (-8838098.538846254 5410756.461398608)
280,3750,7326,POINT (-8844193.280967185 5414749.991182757)
281,4267,7327,POINT (-8842688.330507252 5415149.516083208)
282,5917,7328,POINT (-8837690.88687097 5415758.263410025)
283,4973,7329,POINT (-8840475.766572144 5410770.768183929)
284,8295,7331,POINT (-8830812.12157638 5418509.678174205)
285,6325,7332,POINT (-8836671.422974283 5414755.377782075)
286,6417,7333,POINT (-8836119.233772153 5411372.8885573475)
287,6106,7334,POINT (-8837153.970702974 5410855.778636108)
288,6015,7335,POINT (-8837587.582383512 5414398.79168624)
289,8278,7336,POINT (-8830751.118495425 5413578.249640034)
290,7869,7337,POINT (-8831940.678574042 5414292.449511926)
291,7562,7338,POINT (-8832873.836469514 5414827.142975012)
292,7666,7339,POINT (-8832787.363489067 5415333.732141073)
293,7974,7340,POINT (-8831894.592304854 5414892.660173526)
294,8070,7341,POINT (-8831513.946438035 5412854.534185007)
295,7863,7342,POINT (-8832096.748500135 5412667.151716916)
296,8280,7343,POINT (-8830909.303491842 5414122.704699506)
297,7647,7344,POINT (-8832684.960689487 5409555.385759555)
298,7752,7345,POINT (-8832412.049825856 5410027.706130159)
299,7662,7346,POINT (-8832675.019858958 5414086.447734972)
300,3958,7347,POINT (-8843349.367907481 5415121.366087688)
301,7468,7348,POINT (-8833214.841465663 5417630.115375156)
302,7364,7349,POINT (-8833689.173815932 5417472.163207864)
303,7259,7350,POINT (-8833936.525724474 5416803.15951195)
304,7153,7351,POINT (-8834116.64066058 5415795.866043563)
305,7777,7352,POINT (-8832233.894112792 5417676.300729927)
306,7568,7353,POINT (-8832872.756670456 5416662.277434168)
307,8578,7354,POINT (-8829960.984839002 5410797.009463541)
308,4694,7355,POINT (-8841341.498252045 5419820.171246141)
309,6933,7356,POINT (-8834860.254859079 5411727.680885192)
310,8276,7357,POINT (-8830885.703759795 5412852.4107624525)
311,6434,7359,POINT (-8836269.225654047 5416461.394884503)
312,4567,7360,POINT (-8841540.648821073 5412506.207089866)
313,4889,7361,POINT (-8840823.9182796 5416321.256879525)
314,4889,7362,POINT (-8840853.028326442 5416561.60471363)
315,4992,7363,POINT (-8840506.379432112 5416570.071031654)
316,10137,7364,POINT (-8825571.199949833 5415104.7439327)
317,9310,7365,POINT (-8827791.467193706 5413949.577437555)
318,5588,7366,POINT (-8838744.414531836 5409753.503265247)
319,4458,7367,POINT (-8841909.005016107 5410647.192133362)
320,4563,7368,POINT (-8841737.573000288 5411337.242381712)
321,3851,7369,POINT (-8843659.615328323 5414094.388552044)
322,5519,7371,POINT (-8838946.793366099 5420110.642100765)
323,6624,7373,POINT (-8835505.90790568 5411584.629982721)
324,6726,7374,POINT (-8835248.759881947 5411241.443004531)
325,6519,7375,POINT (-8836039.128266579 5411077.923285171)
326,5514,7376,POINT (-8838817.66275678 5418626.3847335465)
327,5824,7377,POINT (-8838120.802744413 5418805.31199485)
328,5721,7378,POINT (-8838382.403547777 5418763.247378968)
329,5717,7379,POINT (-8838249.933353731 5417757.849235398)
330,5625,7380,POINT (-8838649.57032568 5420860.306411729)
331,5623,7381,POINT (-8838640.887405401 5420420.23314521)
332,6107,7382,POINT (-8837244.718351869 5411150.029140258)
333,6413,7383,POINT (-8836118.165105041 5410293.671915329)
334,5913,7384,POINT (-8837669.958806701 5414584.96269227)
335,6118,7385,POINT (-8837154.549564326 5414378.154129464)
336,5905,7386,POINT (-8837878.126254482 5412241.8700864315)
337,7465,7387,POINT (-8833159.293039756 5416849.617818728)
338,7152,7388,POINT (-8834156.715677265 5415623.276911936)
339,6216,7389,POINT (-8836932.801138666 5412812.865953343)
340,6317,7391,POINT (-8836563.443068214 5412324.8015451925)
341,9011,7392,POINT (-8828868.260628147 5417105.465962398)
342,9736,7395,POINT (-8826680.053397626 5418261.951066126)
343,6310,7398,POINT (-8836621.6631619 5410199.590835568)
344,6723,7399,POINT (-8835346.721033843 5410548.477085544)
345,7340,7400,POINT (-8833647.540326376 5410156.980851318)
346,5416,7403,POINT (-8839162.753178237 5419975.54576115)
347,5933,7404,POINT (-8837809.10817019 5420583.82596071)
348,6419,7406,POINT (-8836341.694642555 5411871.841757241)
349,6109,7407,POINT (-8837270.32183475 5411680.756006506)
350,6007,7408,POINT (-8837393.886469532 5411842.301672809)
351,6221,7409,POINT (-8836802.779973421 5414259.6698989635)
352,6634,7410,POINT (-8835664.760819042 5414711.8233689945)
353,5586,7411,POINT (-8838712.46583798 5409133.784922888)
354,5074,7412,POINT (-8840227.501843777 5410173.932525491)
355,3232,7413,POINT (-8845436.719679346 5413711.821285518)
356,3128,7414,POINT (-8845912.053905033 5413594.869048325)
357,3027,7415,POINT (-8846032.27895509 5414031.908664171)
358,5795,7416,POINT (-8838021.171800151 5410161.595641569)
359,6417,7417,POINT (-8836387.892231235 5411272.750384049)
360,6216,7418,POINT (-8836851.760549368 5412957.813123291)
361,5499,7419,POINT (-8838968.500666803 5414056.992903357)
362,5191,7420,POINT (-8839945.885795968 5414271.981477045)
363,4454,7422,POINT (-8842011.641586618 5409657.212704866)
364,6030,7424,POINT (-8837416.150367692 5418797.444111057)
365,2702,7425,POINT (-8846901.684178187 5409333.277704719)
366,8999,7427,POINT (-8828722.65473419 5413462.837907195)
367,9206,7428,POINT (-8828160.04602772 5413844.9331992185)
368,8908,7429,POINT (-8829127.746361187 5417045.890581007)
369,4143,7430,POINT (-8842937.708430529 5408905.227166958)
370,8075,7431,POINT (-8831364.82284817 5414486.359460922)
371,6727,7432,POINT (-8835362.417082045 5411609.676808076)
372,7557,7433,POINT (-8832972.053656243 5413460.683568558)
373,3856,7434,POINT (-8843780.174336853 5415545.856811858)
374,4476,7435,POINT (-8841851.118880894 5416229.73116267)
375,4569,7437,POINT (-8841749.818144273 5413267.102904583)
376,3020,7438,POINT (-8846281.634614468 5412036.160200648)
377,4966,7440,POINT (-8840341.626585739 5408547.328764637)
378,3125,7441,POINT (-8845978.84559951 5412539.288213549)
379,5098,7442,POINT (-8840203.924375627 5417366.709317659)
380,6524,7443,POINT (-8835811.591227397 5412588.002307131)
381,2818,7444,POINT (-8846725.799382733 5413088.606045881)
382,8695,7445,POINT (-8829711.83972938 5414995.007678638)
383,8796,7446,POINT (-8829294.280319413 5414373.552622345)
384,9527,7447,POINT (-8827178.653396888 5417484.786965946)
385,9530,7448,POINT (-8827102.176906712 5418336.62261455)
386,8810,7449,POINT (-8829270.903226348 5418692.74492586)
387,7565,7450,POINT (-8832906.152517693 5415790.278741218)
388,4970,7451,POINT (-8840343.407697592 5409910.8620432215)
389,6530,7452,POINT (-8835928.365373239 5414396.944923128)
390,6425,7453,POINT (-8836236.18602918 5413710.097768115)
391,7055,7454,POINT (-8834548.671604346 5417308.5177595895)
392,7481,7455,POINT (-8833340.298531786 5421589.6551647475)
393,5807,7457,POINT (-8838100.653916579 5413779.685038847)
394,6521,7458,POINT (-8836010.519157443 5411695.833482525)
395,4373,7459,POINT (-8842387.901465502 5416125.984642363)
396,3018,7460,POINT (-8846038.846805047 5411317.2116605835)
397,3119,7461,POINT (-8845932.759330321 5410768.922145868)
398,6315,7462,POINT (-8836401.25057013 5411720.44982278)
399,5694,7463,POINT (-8838471.247633379 5410861.901387974)
400,5302,7465,POINT (-8839660.239982592 5416911.501015825)
401,2710,7466,POINT (-8847028.58839769 5411717.680481229)
402,6208,7467,POINT (-8836996.475887401 5410334.651939512)
403,6002,7468,POINT (-8837322.641995426 5410545.400429657)
404,6210,7469,POINT (-8836876.250837345 5410935.220887516)
405,2178,7471,POINT (-8848423.421617331 5406620.4216710245)
406,6317,7472,POINT (-8836447.448158808 5412408.656931047)
407,5075,7473,POINT (-8840137.321817605 5410399.736533178)
408,5796,7474,POINT (-8837977.200601289 5410525.402191356)
409,6625,7475,POINT (-8835721.533759344 5411864.918291478)
410,3644,7476,POINT (-8844474.140042458 5413828.467228479)
411,3644,7477,POINT (-8844229.571121184 5413619.7982168235)
412,3012,7478,POINT (-8846218.182504715 5409676.286154721)
413,2297,7479,POINT (-8848204.122220468 5411400.750208583)
414,2607,7480,POINT (-8847427.112174729 5411657.6782847345)
415,9419,7483,POINT (-8827410.086618247 5415851.846997752)
416,5626,7484,POINT (-8838785.60274343 5421215.863851915)
417,5627,7485,POINT (-8838766.789749485 5421697.6216044575)
418,9422,7486,POINT (-8827561.258486746 5416710.1512383055)
419,9006,7487,POINT (-8828681.466522597 5415471.8234862)
420,6436,7488,POINT (-8836129.742332084 5416966.149457579)
421,7142,7489,POINT (-8834175.528671209 5412458.970527877)
422,5595,7491,POINT (-8838557.731745776 5412064.4700403055)
423,7240,7492,POINT (-8833786.389127241 5411176.059384478)
424,7140,7493,POINT (-8834259.129608793 5412023.697744384)
425,5914,7494,POINT (-8837793.857399954 5415095.047689438)
426,3734,7496,POINT (-8844183.262213014 5409853.178895664)
427,3844,7497,POINT (-8843753.791617535 5412053.699982386)
428,2920,7501,POINT (-8846556.593756726 5412848.563983708)
429,5907,7502,POINT (-8837614.299061302 5412968.584235185)
430,9628,7503,POINT (-8827052.973691782 5416857.930462884)
431,9938,7504,POINT (-8826173.327075534 5417125.940277822)
432,6831,7505,POINT (-8835068.29985542 5411976.955990267)
433,6934,7506,POINT (-8834873.947156444 5411954.46218234)
434,6834,7508,POINT (-8835129.425387817 5412794.093768577)
435,2594,7514,POINT (-8847308.334278055 5407786.821443581)
436,2176,7515,POINT (-8848603.035615725 5405840.2384875305)
437,2176,7516,POINT (-8848487.408060636 5406003.711703567)
438,2601,7517,POINT (-8847229.06366866 5409752.226562756)
439,3321,7518,POINT (-8845243.35772384 5409547.0796835935)
440,4068,7519,POINT (-8843151.071250066 5417327.391524262)
441,4151,7520,POINT (-8842957.779334718 5411231.504664468)
442,4053,7521,POINT (-8843276.23100203 5412768.9360233955)
443,4055,7522,POINT (-8843187.531631768 5413472.64015434)
444,4867,7523,POINT (-8840645.072385693 5409733.968198237)
445,4662,7524,POINT (-8841442.320314854 5410266.1520235995)
446,4162,7526,POINT (-8842777.653266665 5414549.550360225)
447,3546,7527,POINT (-8844640.996827208 5415384.400281587)
448,5196,7528,POINT (-8839738.60890411 5415874.165592104)
449,3544,7529,POINT (-8844699.283712586 5414582.900431922)
450,6430,7530,POINT (-8836301.37472299 5415326.713732837)
451,5501,7531,POINT (-8839061.786400089 5414546.841730246)
452,5587,7533,POINT (-8838531.237706967 5409608.606349331)
453,5076,7534,POINT (-8840001.434221875 5410740.616275121)
454,5285,7536,POINT (-8839696.641456082 5411684.294595608)
455,4981,7537,POINT (-8840308.787335955 5413216.169397568)
456,4583,7538,POINT (-8841593.481051404 5417329.161865599)
457,5928,7539,POINT (-8837875.899864668 5419030.096109931)
458,5819,7540,POINT (-8837948.257533683 5417395.035499792)
459,5080,7541,POINT (-8840273.499057373 5411816.146468547)
460,5902,7542,POINT (-8837798.087540602 5411449.5198389795)
461,5492,7543,POINT (-8839081.990887666 5412014.820177766)
462,5802,7545,POINT (-8838017.164298484 5412372.468238151)
463,5700,7546,POINT (-8838390.852697128 5412487.804804428)
464,5803,7547,POINT (-8837959.434010558 5412675.337503274)
465,6013,7548,POINT (-8837388.331626944 5413881.158438161)
466,6528,7549,POINT (-8835891.184663314 5413907.411822456)
467,6932,7551,POINT (-8834780.550103668 5411392.90401448)
468,208,7552,POINT (-8854389.04426089 5402632.8457672475)
469,828,7553,POINT (-8852434.04023163 5403299.948282955)
470,1137,7554,POINT (-8851687.030788662 5403159.640797624)
471,1866,7555,POINT (-8849518.0261703 5405602.998356999)
472,1868,7556,POINT (-8849577.415118638 5406387.236255876)
473,2390,7557,POINT (-8847941.074263722 5408495.652271734)
474,2188,7558,POINT (-8848684.243184257 5409487.0915788505)
475,2603,7559,POINT (-8847342.809924353 5410484.421321305)
476,2199,7561,POINT (-8848479.749279672 5412756.857252649)
477,2099,7562,POINT (-8848717.86167048 5413694.124470345)
478,2307,7563,POINT (-8848277.147806428 5414283.677491423)
479,2305,7564,POINT (-8848217.703198344 5413826.158917169)
480,2927,7565,POINT (-8846578.968974376 5414835.099819288)
481,2927,7566,POINT (-8846336.626442919 5414979.770910538)
482,983,7567,POINT (-8852067.131189974 5418954.803060943)
483,4146,7568,POINT (-8842889.729729995 5409876.252111484)
484,5172,7569,POINT (-8839856.473980961 5408730.259719016)
485,7764,7570,POINT (-8832256.380649932 5413757.371504848)
486,8385,7571,POINT (-8830414.265716285 5414787.697443957)
487,8294,7572,POINT (-8830993.661401967 5418139.81434856)
488,7347,7575,POINT (-8833644.289797246 5412184.187772322)
489,7346,7576,POINT (-8833654.442134805 5411976.155935969)
490,7041,7577,POINT (-8834483.438382743 5413251.838210777)
491,5722,7579,POINT (-8838472.015737867 5419225.275797057)
492,5620,7580,POINT (-8838534.610687537 5419590.147851153)
493,2923,7581,POINT (-8846573.046777464 5413792.334528264)
494,4172,7582,POINT (-8842942.361585245 5417732.647175595)
495,1284,7583,POINT (-8851112.254861848 5416588.4352717865)
496,1741,7584,POINT (-8850188.314220214 5429860.245996474)
497,1738,7585,POINT (-8850042.107201004 5429015.869848631)
498,2150,7586,POINT (-8848928.923425023 5429179.491842398)
499,3081,7587,POINT (-8846286.031734353 5430288.143942915)
500,2981,7588,POINT (-8846333.175538706 5431168.405585405)
501,3600,7589,POINT (-8844592.917939134 5431387.09265022)
502,3908,7590,POINT (-8843744.618891492 5431064.460126356)
503,5211,7591,POINT (-8839842.915266985 5420218.699036893)
504,6449,7593,POINT (-8836387.001675306 5420942.807084513)
505,6550,7594,POINT (-8836033.228333566 5420218.083061036)
506,6233,7595,POINT (-8836901.631681245 5418094.904531059)
507,7875,7596,POINT (-8832151.640141046 5416057.611089135)
508,5429,7597,POINT (-8839172.437973937 5424064.267536759)
509,5430,7598,POINT (-8839213.960144002 5424212.01048817)
510,6212,7599,POINT (-8836945.602880107 5411552.290754585)
511,5599,7600,POINT (-8838550.384659383 5413018.439259536)
512,6847,7601,POINT (-8835035.026459625 5416652.1177520305)
513,8709,7602,POINT (-8829728.64897249 5419022.551379996)
514,8919,7603,POINT (-8828909.003561778 5420300.7781877145)
515,9021,7604,POINT (-8828810.485812426 5420006.343795211)
516,9324,7605,POINT (-8827700.985348243 5418230.309293848)
517,9531,7606,POINT (-8827350.1967322 5418614.529250567)
518,8800,7607,POINT (-8829450.372509403 5415529.341633939)
519,7277,7608,POINT (-8833810.95733886 5422312.638552283)
520,7071,7609,POINT (-8834547.669728931 5422249.178859169)
521,9729,7610,POINT (-8826713.226605881 5416068.878375541)
522,9838,7611,POINT (-8826368.692781877 5417819.630751815)
523,13265,7612,POINT (-8816428.752809962 5426504.56327794)
524,13167,7613,POINT (-8816800.827075992 5427785.846022967)
525,13488,7614,POINT (-8815726.994740002 5431359.80273743)
526,14517,7615,POINT (-8812715.591007011 5431106.704208926)
527,15856,7616,POINT (-8808924.038018644 5431153.512111895)
528,16170,7617,POINT (-8807988.286379034 5432742.2849098025)
529,3967,7618,POINT (-8843336.343527058 5418006.609726301)
530,5209,7619,POINT (-8839819.226479344 5419779.318500142)
531,5829,7620,POINT (-8837930.446415156 5420344.990355456)
532,1,7621,POINT (-8855000.956369832 5402451.341832983)
533,0,7622,POINT (-8854709.265908107 5401915.934428188)
534,1964,7623,POINT (-8849085.40523323 5404208.186383571)
535,13372,7624,POINT (-8816184.06143725 5427602.429254427)
536,5529,7625,POINT (-8838896.087338042 5423055.318831073)
537,15960,7626,POINT (-8808724.69820648 5431544.435220246)
538,4572,7627,POINT (-8841563.469316686 5414065.149143042)
539,1583,7629,POINT (-8850235.26878143 5413367.047263937)
540,1242,7630,POINT (-8851109.47187458 5403793.0088653015)
541,1788,7631,POINT (-8849721.184240997 5413214.276707704)
542,4486,7632,POINT (-8841832.250227205 5419195.111673963)
543,4456,7633,POINT (-8842066.477567783 5410277.089209439)
544,5906,7634,POINT (-8837646.192095416 5412644.671615372)
545,2508,7635,POINT (-8847663.955523342 5412919.329581806)
546,2193,7636,POINT (-8848517.263948068 5411078.138663461)
547,1765,7637,POINT (-8849792.239471972 5406250.1724133445)
548,5588,7639,POINT (-8838701.222569408 5409894.92607633)
549,5199,7640,POINT (-8839953.900799306 5416666.741540459)
550,3334,7641,POINT (-8845318.965921985 5413609.857318112)
551,5819,7642,POINT (-8838100.230902513 5417363.414865158)
552,5514,7643,POINT (-8839058.958885022 5418432.480213302)
553,8804,7644,POINT (-8829304.310205534 5416836.363784915)
554,13799,7645,POINT (-8814832.642819019 5432113.604501219)
555,6108,7646,POINT (-8837211.444956072 5411498.212802464)
556,6009,7647,POINT (-8837410.628920946 5412418.196491046)
557,6018,7648,POINT (-8837486.96734116 5415308.145055632)
558,4994,7650,POINT (-8840536.880972588 5417032.035896236)
559,3123,7654,POINT (-8845851.807796616 5412072.239875595)
560,7875,7655,POINT (-8832004.130683795 5416086.117966051)
561,4053,7656,POINT (-8843077.303071983 5412820.59025684)
562,6622,7657,POINT (-8835502.178702736 5410975.034573278)
563,1988,7658,POINT (-8849160.728677688 5411315.222247268)
564,8908,7659,POINT (-8828936.132121684 5416918.243538473)
565,6318,7660,POINT (-8836499.434361009 5412458.201204762)
566,3940,7662,POINT (-8843310.973815106 5409793.29647829)
567,6658,7663,POINT (-8835641.049767504 5421911.247939643)
568,6455,7664,POINT (-8836144.881782832 5422626.0927094845)
569,6454,7665,POINT (-8836257.982385477 5422367.010918022)
570,3945,7666,POINT (-8843305.474632261 5411502.566719753)
571,5497,7667,POINT (-8839099.156353146 5413596.100116792)
572,6008,7668,POINT (-8837588.617654776 5412338.603012339)
573,5427,7670,POINT (-8839125.95095458 5423468.143366585)
574,5624,7671,POINT (-8838726.391906276 5420568.441367398)
575,4357,7675,POINT (-8842379.4411842 5411371.519323201)
576,6354,7676,POINT (-8836699.860737387 5423347.84610096)
577,5817,7677,POINT (-8837928.130969748 5416765.060180328)
578,1743,7678,POINT (-8849921.781963408 5430449.722706811)
579,1743,7679,POINT (-8849955.177810647 5430549.930404208)
580,4967,7680,POINT (-8840360.072225364 5408893.93785227)
581,7759,7681,POINT (-8832206.064240092 5412127.536674305)
582,5486,7682,POINT (-8838922.10270304 5410106.664404474)
583,6413,7683,POINT (-8836354.719022978 5410193.130103299)
584,6413,7684,POINT (-8836207.220697675 5410230.048634247)
585,5694,7685,POINT (-8838483.6820205 5410684.158628815)
586,6725,7686,POINT (-8835480.538193727 5411102.38413732)
587,4259,7687,POINT (-8842582.777366083 5413007.375729362)
588,3428,7688,POINT (-8845047.290704703 5410651.084146102)
589,7669,7689,POINT (-8832537.295384951 5416056.102628335)
590,4780,7691,POINT (-8841126.651634812 5414773.6922432585)
591,9518,7692,POINT (-8827316.422398694 5414525.788315227)
592,6523,7693,POINT (-8836050.070972523 5412352.7429983895)
593,9537,7694,POINT (-8827111.004542332 5420243.800088096)
594,9104,7695,POINT (-8828539.211345311 5414170.842349391)
595,9108,7696,POINT (-8828400.351412496 5415297.070251614)
596,3443,7698,POINT (-8844865.795406915 5415350.0314913085)
597,4166,7699,POINT (-8842704.271458335 5415773.655382321)
598,4270,7700,POINT (-8842629.24212154 5416061.951763418)
599,3738,7701,POINT (-8843987.89650667 5410936.651592725)
600,7452,7702,POINT (-8833194.53679054 5412875.999244748)
601,6938,7703,POINT (-8834773.102829736 5413186.194159746)
602,8184,7704,POINT (-8831025.198213708 5416189.309902078)
603,7763,7705,POINT (-8832236.944266839 5413340.318389398)
604,8389,7706,POINT (-8830565.092494361 5415921.034815813)
605,5380,7707,POINT (-8839159.647364443 5409206.383185539)
606,9011,7708,POINT (-8828870.620601352 5417111.485098536)
607,5720,7709,POINT (-8838215.802797854 5418552.819398012)
608,5396,7710,POINT (-8839228.04205959 5414164.963633177)
609,4360,7711,POINT (-8842134.560568353 5412280.689301826)
610,4972,7712,POINT (-8840560.302593455 5410552.430589863)
611,6315,7713,POINT (-8836684.224715726 5411529.982599428)
612,8808,7715,POINT (-8829225.596193595 5418084.2813974)
613,6622,7716,POINT (-8835797.475915965 5410964.619616501)
614,5589,7717,POINT (-8838780.62676219 5410296.056258603)
615,5591,7718,POINT (-8838747.687324865 5410845.563802833)
616,5489,7719,POINT (-8838825.366065541 5411194.612901179)
617,5487,7720,POINT (-8838840.405328749 5410575.397868252)
618,5900,7721,POINT (-8837788.625383886 5410877.285204531)
619,6736,7724,POINT (-8835457.383739641 5414243.3878621515)
620,5917,7725,POINT (-8837734.412791869 5415929.208093958)
621,3641,7728,POINT (-8844307.48363279 5412753.225931027)
622,2400,7729,POINT (-8848003.646949496 5411462.966148275)
623,5174,7730,POINT (-8839750.742728608 5409407.723300156)
624,10038,7731,POINT (-8825806.64067286 5416108.1292757075)
625,10557,7732,POINT (-8824347.94127197 5417322.890011686)
626,10044,7733,POINT (-8825787.69409553 5418047.454628675)
627,10457,7734,POINT (-8824497.144974863 5418366.36823256)
628,10765,7735,POINT (-8823742.443355082 5417853.500684566)
629,10869,7736,POINT (-8823469.159068147 5418211.4484910555)
630,11077,7737,POINT (-8822798.951073242 5418746.795439876)
631,11079,7738,POINT (-8822772.818005476 5419505.670043767)
632,11287,7739,POINT (-8822185.91117598 5420124.323171451)
633,11186,7740,POINT (-8822528.003370272 5420765.162814261)
634,3327,7741,POINT (-8845236.45591541 5411231.058516325)
635,3350,7742,POINT (-8845204.707596637 5418232.544498367)
636,3143,7743,POINT (-8845753.267783366 5417998.911875753)
637,3447,7744,POINT (-8844975.300390009 5416551.44514225)
638,3244,7745,POINT (-8845476.238098579 5417290.044325781)
639,3972,7746,POINT (-8843330.554913538 5419384.243431988)
640,3556,7747,POINT (-8844753.218005875 5418311.064861959)
641,1885,7748,POINT (-8849491.476471746 5411463.627694887)
642,1473,7749,POINT (-8850569.661399823 5411314.596285453)
643,9631,7750,POINT (-8826962.415286023 5417557.543254386)
644,1369,7751,POINT (-8851021.618532445 5411189.9822106855)
645,3011,7752,POINT (-8846280.710662693 5409247.804441306)
646,2387,7753,POINT (-8848097.611731676 5407391.090178759)
647,3662,7754,POINT (-8844262.637369977 5419029.645364407)
648,1981,7755,POINT (-8849171.666706646 5409223.440783794)
649,1324,7756,POINT (-8851173.591901276 5428557.404618135)
650,5796,7757,POINT (-8838170.29539002 5410343.866316822)
651,1118,7758,POINT (-8851711.543340534 5428432.295536437)
652,1330,7759,POINT (-8851225.555839578 5430294.788333917)
653,2077,7760,POINT (-8848986.698240744 5407304.71219892)
