time/iterations,time/time_elapsed,time/fps,time/total_timesteps,train/explained_variance,train/std,train/entropy_loss,train/value_loss,train/n_updates,train/policy_loss,train/learning_rate,rollout/ep_rew_mean,rollout/ep_len_mean
1,4,1,5,,,,,,,,,
2,6,1,10,2.1696090698242188e-05,0.9985602498054504,-794.6054077148438,453298.90625,1,443099.09375,0.0007,,
3,11,1,15,0.000311434268951416,0.9979053139686584,-793.78759765625,150392.90625,2,287341.4375,0.0007,,
4,13,1,20,0.007310450077056885,0.9973005056381226,-793.413330078125,257743.34375,3,299360.0,0.0007,,
5,16,1,25,-1405.79345703125,0.9971179366111755,-793.069580078125,0.14273548126220703,4,165.35952758789062,0.0007,2733.0,25.0
6,19,1,30,-0.05184757709503174,0.9963985085487366,-792.9641723632812,20998.443359375,5,112697.7265625,0.0007,2733.0,25.0
7,23,1,35,2.3543834686279297e-05,0.9963876008987427,-792.5567626953125,183210.84375,6,327192.3125,0.0007,2733.0,25.0
8,26,1,40,0.0001266002655029297,0.9962190985679626,-792.548828125,772545.8125,7,647662.375,0.0007,2733.0,25.0
9,31,1,45,-0.0010832548141479492,0.9960492849349976,-792.4501953125,134936.75,8,249066.703125,0.0007,2733.0,25.0
10,34,1,50,0.004582703113555908,0.9957157969474792,-792.3516235351562,84576.453125,9,166035.40625,0.0007,3022.5,25.0
11,37,1,55,-0.040256619453430176,0.9956439137458801,-792.1629638671875,60962.98046875,10,197273.296875,0.0007,3022.5,25.0
12,43,1,60,-0.00037097930908203125,0.9955528378486633,-792.12060546875,430018.25,11,497226.3125,0.0007,3022.5,25.0
13,48,1,65,-0.0002167224884033203,0.9952549338340759,-792.06689453125,1822079.375,12,955417.1875,0.0007,3022.5,25.0
14,52,1,70,-0.001090407371520996,0.9950411319732666,-791.8977661132812,6103.23681640625,13,26789.45703125,0.0007,3022.5,25.0
15,56,1,75,0.4313206672668457,0.9951891303062439,-791.7762451171875,0.032031599432229996,14,-129.66690063476562,0.0007,3134.3333333333335,25.0
16,59,1,80,7.49826431274414e-05,0.9952515959739685,-791.8594970703125,80168.390625,15,228326.75,0.0007,3134.3333333333335,25.0
17,64,1,85,-0.00012111663818359375,0.9950087666511536,-791.8931884765625,260460.796875,16,366653.75,0.0007,3134.3333333333335,25.0
18,68,1,90,-9.34600830078125e-05,0.9949893355369568,-791.755615234375,1168924.75,17,769155.125,0.0007,3134.3333333333335,25.0
19,72,1,95,0.0014067888259887695,0.9949219822883606,-791.7440185546875,281977.125,18,334947.65625,0.0007,3134.3333333333335,25.0
20,76,1,100,-0.621900200843811,0.9949713349342346,-791.7052001953125,0.08179527521133423,19,-204.9352569580078,0.0007,3279.75,25.0
21,78,1,105,0.06817585229873657,0.9949783086776733,-791.7322998046875,88760.421875,20,237232.171875,0.0007,3279.75,25.0
22,83,1,110,0.0,0.9949442148208618,-791.7363891601562,49444.2421875,21,158376.625,0.0007,3279.75,25.0
23,88,1,115,0.00022155046463012695,0.9948038458824158,-791.7158203125,545415.125,22,542317.125,0.0007,3279.75,25.0
24,91,1,120,0.0012415647506713867,0.9947572946548462,-791.6356201171875,526947.5625,23,513848.9375,0.0007,3279.75,25.0
25,95,1,125,0.0008681416511535645,0.9947475790977478,-791.6090087890625,31672.537109375,24,131137.21875,0.0007,3252.2,25.0
26,97,1,130,0.0038265585899353027,0.9945613145828247,-791.6036987304688,63487.70703125,25,149135.5,0.0007,3252.2,25.0
27,101,1,135,-1.1920928955078125e-07,0.9945399761199951,-791.4983520507812,82781.046875,26,199091.46875,0.0007,3252.2,25.0
28,104,1,140,-1.1801719665527344e-05,0.9945336580276489,-791.4851684570312,771885.8125,27,676346.375,0.0007,3252.2,25.0
29,107,1,145,0.00046187639236450195,0.994502067565918,-791.48193359375,151319.3125,28,220084.546875,0.0007,3252.2,25.0
30,111,1,150,0.002657294273376465,0.9944623708724976,-791.4645385742188,140181.015625,29,283630.5625,0.0007,3240.1666666666665,25.0
31,113,1,155,0.021749794483184814,0.9944801330566406,-791.4414672851562,51617.4765625,30,180859.65625,0.0007,3240.1666666666665,25.0
32,115,1,160,-0.00043892860412597656,0.9943956732749939,-791.450927734375,72651.921875,31,172185.078125,0.0007,3240.1666666666665,25.0
33,117,1,165,-1.1920928955078125e-07,0.9943487048149109,-791.4033203125,41227.53125,32,141176.046875,0.0007,3240.1666666666665,25.0
34,119,1,170,-2.384185791015625e-07,0.9942374229431152,-791.3760986328125,13934.5341796875,33,83172.28125,0.0007,3240.1666666666665,25.0
35,121,1,175,5.960464477539063e-08,0.9942061305046082,-791.3125,18302.146484375,34,94701.515625,0.0007,2980.714285714286,25.0
36,125,1,180,0.00017255544662475586,0.9941787719726562,-791.294921875,32757.48046875,35,139251.265625,0.0007,2980.714285714286,25.0
37,130,1,185,-0.00016367435455322266,0.9941327571868896,-791.2783813476562,653297.125,36,576403.125,0.0007,2980.714285714286,25.0
38,134,1,190,1.1861324310302734e-05,0.9941136240959167,-791.2523803710938,502214.4375,37,486184.0625,0.0007,2980.714285714286,25.0
39,139,1,195,0.0005887746810913086,0.9942483305931091,-791.2412719726562,382188.25,38,415974.4375,0.0007,2980.714285714286,25.0
40,143,1,200,-0.010653853416442871,0.994227945804596,-791.3164672851562,0.09487494081258774,39,-222.95547485351562,0.0007,3045.375,25.0
41,147,1,205,-0.028455495834350586,0.9941877126693726,-791.3038940429688,3552.399169921875,40,47009.29296875,0.0007,3045.375,25.0
42,151,1,210,5.8770179748535156e-05,0.994142472743988,-791.2806396484375,552358.375,41,537627.4375,0.0007,3045.375,25.0
43,156,1,215,-4.1604042053222656e-05,0.9940401315689087,-791.2548217773438,253848.84375,42,347814.75,0.0007,3045.375,25.0
44,160,1,220,0.0001932978630065918,0.9939893484115601,-791.1974487304688,364916.0625,43,421874.65625,0.0007,3045.375,25.0
45,163,1,225,0.00044023990631103516,0.9939323663711548,-791.168212890625,2184.9697265625,44,16202.0185546875,0.0007,3033.5555555555557,25.0
46,166,1,230,-1.287402868270874,0.9939495921134949,-791.1358032226562,61.63151931762695,45,-6212.4169921875,0.0007,3033.5555555555557,25.0
47,172,1,235,0.0,0.9940441846847534,-791.144287109375,324943.28125,46,430759.9375,0.0007,3033.5555555555557,25.0
48,175,1,240,6.216764450073242e-05,0.9940769672393799,-791.1968383789062,454327.75,47,450333.65625,0.0007,3033.5555555555557,25.0
49,180,1,245,0.0004050731658935547,0.9940884113311768,-791.2144775390625,77437.6796875,48,208050.59375,0.0007,3033.5555555555557,25.0
50,183,1,250,0.0007742047309875488,0.9940839409828186,-791.2197265625,337382.8125,49,410416.90625,0.0007,3058.6,25.0
51,186,1,255,0.01795041561126709,0.9940037131309509,-791.2171020507812,6776.15087890625,50,64466.44921875,0.0007,3058.6,25.0
52,190,1,260,5.960464477539063e-08,0.9940075278282166,-791.1715087890625,105064.7890625,51,221056.171875,0.0007,3058.6,25.0
53,193,1,265,-2.4318695068359375e-05,0.9940142035484314,-791.1728515625,754545.5625,52,674154.5,0.0007,3058.6,25.0
54,199,1,270,9.119510650634766e-05,0.9939224123954773,-791.1763916015625,142524.8125,53,229727.203125,0.0007,3058.6,25.0
55,203,1,275,0.00033718347549438477,0.9939456582069397,-791.1248779296875,466218.84375,54,455678.09375,0.0007,3104.4545454545455,25.0
56,208,1,280,-0.012837767601013184,0.9939430356025696,-791.137451171875,20605.9921875,55,114085.046875,0.0007,3104.4545454545455,25.0
57,210,1,285,-5.555152893066406e-05,0.9939681887626648,-791.135009765625,442449.25,56,441190.5,0.0007,3104.4545454545455,25.0
58,214,1,290,5.364418029785156e-07,0.9939176440238953,-791.149169921875,43184.9609375,57,148617.125,0.0007,3104.4545454545455,25.0
59,219,1,295,2.753734588623047e-05,0.9939144849777222,-791.1200561523438,399340.96875,58,436325.8125,0.0007,3104.4545454545455,25.0
60,222,1,300,0.00038886070251464844,0.9938479661941528,-791.1182250976562,162199.328125,59,227531.703125,0.0007,3129.9166666666665,25.0
61,228,1,305,0.021323442459106445,0.9938737154006958,-791.0801391601562,65514.32421875,60,204023.65625,0.0007,3129.9166666666665,25.0
62,231,1,310,-0.00015652179718017578,0.9938534498214722,-791.0948486328125,1327622.375,61,831067.75,0.0007,3129.9166666666665,25.0
63,236,1,315,-0.00012767314910888672,0.9938024282455444,-791.08251953125,115359.703125,62,236487.125,0.0007,3129.9166666666665,25.0
64,238,1,320,0.0003317594528198242,0.9937906265258789,-791.0541381835938,280070.625,63,334589.90625,0.0007,3129.9166666666665,25.0
65,244,1,325,0.09122860431671143,0.9937602281570435,-791.0474853515625,0.11986448615789413,64,-251.28018188476562,0.0007,3158.3846153846152,25.0
66,249,1,330,4.0531158447265625e-06,0.9937645196914673,-791.0301513671875,81839.1015625,65,227264.546875,0.0007,3158.3846153846152,25.0
67,252,1,335,-2.8252601623535156e-05,0.9937127232551575,-791.031982421875,1267328.0,66,828718.125,0.0007,3158.3846153846152,25.0
68,257,1,340,1.1861324310302734e-05,0.9937403798103333,-791.0031127929688,246737.921875,67,364448.625,0.0007,3158.3846153846152,25.0
69,262,1,345,0.0002803802490234375,0.9937582612037659,-791.017578125,179077.0,68,201407.40625,0.0007,3158.3846153846152,25.0
70,265,1,350,-0.15080225467681885,0.9938083291053772,-791.0277709960938,0.22811003029346466,69,-351.80950927734375,0.0007,3171.4285714285716,25.0
71,267,1,355,-0.006598949432373047,0.9937883615493774,-791.0565795898438,25777.46875,70,126448.421875,0.0007,3171.4285714285716,25.0
72,270,1,360,9.238719940185547e-06,0.9937833547592163,-791.0444946289062,44317.01171875,71,150965.890625,0.0007,3171.4285714285716,25.0
73,271,1,365,5.960464477539063e-08,0.9937682151794434,-791.0413208007812,115094.421875,72,232210.625,0.0007,3171.4285714285716,25.0
74,274,1,370,-0.00017964839935302734,0.9937703013420105,-791.0327758789062,26776.921875,73,118076.6875,0.0007,3171.4285714285716,25.0
75,276,1,375,7.927417755126953e-06,0.9937825798988342,-791.03466796875,77519.7578125,74,192368.484375,0.0007,3087.8,25.0
76,278,1,380,3.5762786865234375e-07,0.9937819242477417,-791.0419921875,141854.203125,75,294218.75,0.0007,3087.8,25.0
77,284,1,385,0.0,0.9937219619750977,-791.0408325195312,109268.0859375,76,236483.046875,0.0007,3087.8,25.0
78,286,1,390,-2.1338462829589844e-05,0.993695080280304,-791.0072631835938,988520.8125,77,687462.0,0.0007,3087.8,25.0
79,292,1,395,2.0265579223632812e-06,0.993708610534668,-790.9915771484375,74286.53125,78,204752.234375,0.0007,3087.8,25.0
80,295,1,400,0.0004985928535461426,0.9937888979911804,-790.9996948242188,288192.0625,79,311718.6875,0.0007,3116.6875,25.0
81,296,1,405,0.00037479400634765625,0.9937456250190735,-791.0451049804688,66992.796875,80,202940.96875,0.0007,3116.6875,25.0
82,298,1,410,-8.940696716308594e-06,0.9936860203742981,-791.0204467773438,37098.88671875,81,136584.796875,0.0007,3116.6875,25.0
83,300,1,415,-1.1920928955078125e-07,0.9936708807945251,-790.98681640625,70323.53125,82,193951.078125,0.0007,3116.6875,25.0
84,302,1,420,1.7404556274414062e-05,0.9936951994895935,-790.9776000976562,20900.14453125,83,106802.890625,0.0007,3116.6875,25.0
85,304,1,425,0.0,0.9935948848724365,-790.9908447265625,36697.05078125,84,133486.875,0.0007,3031.4117647058824,25.0
86,308,1,430,0.0,0.9935915470123291,-790.9342041015625,108108.9765625,85,256562.453125,0.0007,3031.4117647058824,25.0
87,310,1,435,-3.981590270996094e-05,0.9935047626495361,-790.9320068359375,1158556.875,86,742016.8125,0.0007,3031.4117647058824,25.0
88,314,1,440,2.0742416381835938e-05,0.9935587048530579,-790.8836059570312,81870.515625,87,210780.53125,0.0007,3031.4117647058824,25.0
89,318,1,445,1.7881393432617188e-07,0.993545413017273,-790.9141235351562,374390.0625,88,458684.34375,0.0007,3031.4117647058824,25.0
90,322,1,450,0.0005402565002441406,0.9935228824615479,-790.9061889648438,8108.7763671875,89,31474.16015625,0.0007,3041.0,25.0
91,323,1,455,0.005672812461853027,0.9935080409049988,-790.8936767578125,5026.4287109375,90,55978.6640625,0.0007,3041.0,25.0
92,327,1,460,6.556510925292969e-07,0.9935123920440674,-790.8853149414062,35496.91015625,91,145211.75,0.0007,3041.0,25.0
93,330,1,465,-1.1920928955078125e-07,0.9935204386711121,-790.8877563476562,381514.1875,92,453904.8125,0.0007,3041.0,25.0
94,332,1,470,-2.3126602172851562e-05,0.9935359358787537,-790.8922729492188,149586.28125,93,249162.796875,0.0007,3041.0,25.0
95,336,1,475,-1.9550323486328125e-05,0.9934452772140503,-790.90087890625,115619.328125,94,248222.34375,0.0007,3051.9473684210525,25.0
96,338,1,480,0.00014138221740722656,0.9933933615684509,-790.849365234375,389832.71875,95,446536.1875,0.0007,3051.9473684210525,25.0
97,343,1,485,0.0,0.9934326410293579,-790.8196411132812,58373.23828125,96,181188.375,0.0007,3051.9473684210525,25.0
98,346,1,490,-2.5153160095214844e-05,0.9934663772583008,-790.842041015625,849196.875,97,695673.375,0.0007,3051.9473684210525,25.0
99,352,1,495,0.0,0.99342280626297,-790.860595703125,94945.0703125,98,215496.453125,0.0007,3051.9473684210525,25.0
100,356,1,500,0.00028955936431884766,0.9933992624282837,-790.8358154296875,553489.8125,99,477300.25,0.0007,3066.1,25.0
101,359,1,505,0.0,0.9933754801750183,-790.822265625,431.45074462890625,100,7160.00537109375,0.0007,3066.1,25.0
102,364,1,510,1.7881393432617188e-07,0.9933547973632812,-790.8085327148438,147404.40625,101,249996.90625,0.0007,3066.1,25.0
103,366,1,515,-1.33514404296875e-05,0.9933291673660278,-790.7967529296875,574029.6875,102,535209.4375,0.0007,3066.1,25.0
104,369,1,520,0.0,0.993331789970398,-790.7821044921875,42473.8671875,103,118787.328125,0.0007,3066.1,25.0
105,373,1,525,-1.9311904907226562e-05,0.9932462573051453,-790.7828979492188,207345.578125,104,341882.4375,0.0007,3093.190476190476,25.0
106,377,1,530,0.00042945146560668945,0.9932276010513306,-790.7337646484375,221957.84375,105,315952.625,0.0007,3093.190476190476,25.0
107,381,1,535,-2.4080276489257812e-05,0.9932065606117249,-790.7227783203125,512005.90625,106,475216.40625,0.0007,3093.190476190476,25.0
108,385,1,540,-5.042552947998047e-05,0.9931603670120239,-790.7107543945312,253580.296875,107,366201.3125,0.0007,3093.190476190476,25.0
109,387,1,545,1.8596649169921875e-05,0.9931342005729675,-790.6843872070312,366320.65625,108,405404.6875,0.0007,3093.190476190476,25.0
110,391,1,550,0.001576542854309082,0.993101954460144,-790.6696166992188,9621.810546875,109,57976.8125,0.0007,3093.909090909091,25.0
111,395,1,555,-0.004121184349060059,0.9930776357650757,-790.6512451171875,5558.65087890625,110,58712.3203125,0.0007,3093.909090909091,25.0
112,396,1,560,-2.7418136596679688e-05,0.9930807948112488,-790.6373901367188,332399.3125,111,363192.96875,0.0007,3093.909090909091,25.0
113,400,1,565,-1.1920928955078125e-07,0.9930651187896729,-790.6387939453125,41544.6953125,112,156357.96875,0.0007,3093.909090909091,25.0
114,404,1,570,-2.2530555725097656e-05,0.9930626749992371,-790.629638671875,681437.6875,113,601393.375,0.0007,3093.909090909091,25.0
115,409,1,575,7.134675979614258e-05,0.9930306673049927,-790.628173828125,422421.0625,114,464550.6875,0.0007,3125.086956521739,25.0
116,411,1,580,0.0020102858543395996,0.9929822683334351,-790.6104125976562,103234.0390625,115,251480.53125,0.0007,3125.086956521739,25.0
117,415,1,585,-7.37905502319336e-05,0.9929811954498291,-790.5826416015625,74826.2109375,116,180032.25,0.0007,3125.086956521739,25.0
118,420,1,590,0.0,0.9929478168487549,-790.58203125,636636.625,117,612139.8125,0.0007,3125.086956521739,25.0
119,424,1,595,-2.384185791015625e-06,0.9929808378219604,-790.5634765625,910273.875,118,669366.375,0.0007,3125.086956521739,25.0
120,429,1,600,0.00022852420806884766,0.9930083155632019,-790.5823364257812,16506.4921875,119,46409.48046875,0.0007,3145.0,25.0
121,431,1,605,-0.0006461143493652344,0.9929142594337463,-790.5973510742188,75050.1015625,120,211088.953125,0.0007,3145.0,25.0
122,434,1,610,-1.1920928955078125e-07,0.9928784966468811,-790.543701171875,77330.40625,121,191870.03125,0.0007,3145.0,25.0
123,437,1,615,0.0,0.9928585886955261,-790.5236206054688,256855.296875,122,373179.21875,0.0007,3145.0,25.0
124,441,1,620,-1.3232231140136719e-05,0.992874801158905,-790.5122680664062,236276.90625,123,331587.125,0.0007,3145.0,25.0
125,443,1,625,1.1920928955078125e-07,0.9928670525550842,-790.521240234375,320944.8125,124,393950.0,0.0007,3148.12,25.0
126,449,1,630,1.7881393432617188e-07,0.9928798079490662,-790.5167236328125,59051.7734375,125,182344.109375,0.0007,3148.12,25.0
127,455,1,635,-2.9802322387695312e-05,0.9928811192512512,-790.5240478515625,1417566.75,126,838581.5,0.0007,3148.12,25.0
128,461,1,640,3.4928321838378906e-05,0.9928563833236694,-790.5244750976562,531839.625,127,461784.6875,0.0007,3148.12,25.0
129,465,1,645,0.01498490571975708,0.9928379654884338,-790.5100708007812,0.23759491741657257,128,-354.06561279296875,0.0007,3148.12,25.0
130,467,1,650,-0.03444814682006836,0.9928703308105469,-790.49951171875,0.23976770043373108,129,-348.677734375,0.0007,3151.769230769231,25.0
131,472,1,655,-1.3828277587890625e-05,0.9928994178771973,-790.518310546875,16275.484375,130,101878.8203125,0.0007,3151.769230769231,25.0
132,476,1,660,-2.086162567138672e-05,0.9928730726242065,-790.5344848632812,643889.8125,131,543825.6875,0.0007,3151.769230769231,25.0
133,481,1,665,-5.125999450683594e-06,0.9928978085517883,-790.5193481445312,708767.625,132,616913.75,0.0007,3151.769230769231,25.0
134,483,1,670,4.476308822631836e-05,0.9928808212280273,-790.53271484375,307289.53125,133,357840.0625,0.0007,3151.769230769231,25.0
135,487,1,675,-0.05998730659484863,0.9928967952728271,-790.5230712890625,0.21553507447242737,134,-326.67938232421875,0.0007,3168.1111111111113,25.0
136,491,1,680,0.022763431072235107,0.9928916692733765,-790.5321044921875,17030.73828125,135,103178.8984375,0.0007,3168.1111111111113,25.0
137,495,1,685,-2.86102294921875e-05,0.992907702922821,-790.5289306640625,851217.625,136,655087.125,0.0007,3168.1111111111113,25.0
138,499,1,690,-2.3245811462402344e-05,0.9928727149963379,-790.5376586914062,175794.28125,137,314563.3125,0.0007,3168.1111111111113,25.0
139,501,1,695,0.00013315677642822266,0.9928821921348572,-790.5177612304688,341936.3125,138,377797.71875,0.0007,3168.1111111111113,25.0
140,505,1,700,0.0012798309326171875,0.9928044080734253,-790.5230102539062,7592.70068359375,139,49480.10546875,0.0007,3171.25,25.0
141,507,1,705,0.015678226947784424,0.9928061366081238,-790.4788208007812,17174.7890625,140,104010.3515625,0.0007,3171.25,25.0
142,512,1,710,1.1920928955078125e-07,0.9927791953086853,-790.4794311523438,515353.90625,141,545397.125,0.0007,3171.25,25.0
143,513,1,715,-1.621246337890625e-05,0.9927713871002197,-790.46435546875,845865.625,142,669686.25,0.0007,3171.25,25.0
144,515,1,720,-1.1920928955078125e-07,0.992816686630249,-790.4592895507812,28275.609375,143,95829.9296875,0.0007,3171.25,25.0
145,519,1,725,0.0,0.9927889108657837,-790.4844970703125,122683.5625,144,263650.15625,0.0007,3181.1724137931033,25.0
146,522,1,730,0.00045812129974365234,0.992749035358429,-790.4688720703125,27064.833984375,145,116738.6875,0.0007,3181.1724137931033,25.0
147,525,1,735,-1.52587890625e-05,0.9927313923835754,-790.446044921875,278578.90625,146,339344.8125,0.0007,3181.1724137931033,25.0
148,529,1,740,4.172325134277344e-07,0.992756187915802,-790.4356689453125,122262.5859375,147,261934.453125,0.0007,3181.1724137931033,25.0
149,533,1,745,-3.814697265625e-06,0.9927103519439697,-790.4497680664062,892180.1875,148,645254.25,0.0007,3181.1724137931033,25.0
150,536,1,750,2.7418136596679688e-05,0.9927217960357666,-790.4235229492188,45954.1953125,149,79327.7265625,0.0007,3195.1666666666665,25.0
151,538,1,755,1.3232231140136719e-05,0.9926699995994568,-790.4300537109375,28470.619140625,150,131571.09375,0.0007,3195.1666666666665,25.0
152,543,1,760,-4.887580871582031e-05,0.9926690459251404,-790.4002685546875,163948.15625,151,300509.9375,0.0007,3195.1666666666665,25.0
153,545,1,765,-1.4424324035644531e-05,0.9926461577415466,-790.4000244140625,767846.0625,152,550867.75,0.0007,3195.1666666666665,25.0
154,549,1,770,0.0,0.9926527738571167,-790.3869018554688,54736.88671875,153,158998.4375,0.0007,3195.1666666666665,25.0
155,552,1,775,1.8656253814697266e-05,0.9925689697265625,-790.390380859375,121179.453125,154,232142.203125,0.0007,3191.7419354838707,25.0
156,556,1,780,-0.004488945007324219,0.9925476908683777,-790.3428344726562,15228.2109375,155,97030.3515625,0.0007,3191.7419354838707,25.0
157,559,1,785,5.960464477539063e-08,0.9925453066825867,-790.331298828125,394037.6875,156,480760.5,0.0007,3191.7419354838707,25.0
158,561,1,790,-2.5510787963867188e-05,0.992615818977356,-790.329345703125,86408.1875,157,191312.015625,0.0007,3191.7419354838707,25.0
159,565,1,795,-2.5153160095214844e-05,0.9926642179489136,-790.3694458007812,42748.6796875,158,156786.40625,0.0007,3191.7419354838707,25.0
160,569,1,800,-1.1920928955078125e-07,0.992708683013916,-790.39697265625,279586.9375,159,358431.53125,0.0007,3199.25,25.0
161,573,1,805,3.528594970703125e-05,0.9927212595939636,-790.4216918945312,300720.46875,160,366535.75,0.0007,3199.25,25.0
162,576,1,810,0.0,0.9926509261131287,-790.4285888671875,595802.625,161,547178.6875,0.0007,3199.25,25.0
163,580,1,815,-3.123283386230469e-05,0.9926266074180603,-790.3890380859375,97305.1875,162,193147.53125,0.0007,3199.25,25.0
164,584,1,820,3.5762786865234375e-07,0.9925892353057861,-790.3746948242188,322005.625,163,419612.0625,0.0007,3199.25,25.0
165,587,1,825,2.002716064453125e-05,0.9925902485847473,-790.3528442382812,98097.1953125,164,185118.546875,0.0007,3197.212121212121,25.0
166,589,1,830,-0.002196788787841797,0.9925349354743958,-790.353515625,1806.5045166015625,165,33078.76171875,0.0007,3197.212121212121,25.0
167,595,1,835,1.1920928955078125e-07,0.9925471544265747,-790.3221435546875,124248.9140625,166,259922.625,0.0007,3197.212121212121,25.0
168,600,1,840,-2.0265579223632812e-05,0.9925076961517334,-790.32861328125,1306372.25,167,841167.875,0.0007,3197.212121212121,25.0
169,602,1,845,1.0371208190917969e-05,0.9924997687339783,-790.3065795898438,458591.75,168,407055.34375,0.0007,3197.212121212121,25.0
170,606,1,850,0.011330008506774902,0.9925038814544678,-790.3023681640625,0.2853292226791382,169,-383.2355041503906,0.0007,3203.764705882353,25.0
171,608,1,855,0.00021082162857055664,0.9925117492675781,-790.3045654296875,47018.98828125,170,171969.609375,0.0007,3203.764705882353,25.0
172,614,1,860,0.0,0.9924836158752441,-790.308837890625,232181.5,171,336612.0625,0.0007,3203.764705882353,25.0
173,617,1,865,-1.5139579772949219e-05,0.9924970269203186,-790.29345703125,1305335.125,172,807620.875,0.0007,3203.764705882353,25.0
174,623,1,870,-1.1920928955078125e-07,0.9925194978713989,-790.3006591796875,10864.853515625,173,54971.95703125,0.0007,3203.764705882353,25.0
175,627,1,875,5.960464477539063e-08,0.9925033450126648,-790.3134155273438,0.29661768674850464,174,-392.74493408203125,0.0007,3188.057142857143,25.0
176,628,1,880,1.1086463928222656e-05,0.9924960732460022,-790.303955078125,95.3431625366211,175,-7754.7119140625,0.0007,3188.057142857143,25.0
177,631,1,885,0.0,0.9923927187919617,-790.2998657226562,78361.5859375,176,179948.578125,0.0007,3188.057142857143,25.0
178,635,1,890,0.0,0.9923719167709351,-790.2415161132812,119871.140625,177,255221.578125,0.0007,3188.057142857143,25.0
179,639,1,895,-1.5974044799804688e-05,0.9923582077026367,-790.2294921875,847384.375,178,635967.0,0.0007,3188.057142857143,25.0
180,641,1,900,1.6748905181884766e-05,0.9923526048660278,-790.2216796875,266878.84375,179,301398.34375,0.0007,3196.6944444444443,25.0
181,643,1,905,-0.0021343231201171875,0.9923551082611084,-790.2185668945312,29772.140625,180,136454.78125,0.0007,3196.6944444444443,25.0
182,645,1,910,0.0,0.992357611656189,-790.220458984375,64144.1484375,181,168736.203125,0.0007,3196.6944444444443,25.0
183,649,1,915,1.1920928955078125e-07,0.9923062920570374,-790.2219848632812,82671.203125,182,208881.78125,0.0007,3196.6944444444443,25.0
184,651,1,920,-1.2159347534179688e-05,0.9923403859138489,-790.1925659179688,456930.15625,183,436152.5,0.0007,3196.6944444444443,25.0
185,656,1,925,-3.0994415283203125e-05,0.9923304915428162,-790.2114868164062,56857.41796875,184,177623.625,0.0007,3201.9189189189187,25.0
186,658,1,930,0.0,0.9923165440559387,-790.2061767578125,561017.625,185,513589.3125,0.0007,3201.9189189189187,25.0
187,663,1,935,-1.1920928955078125e-07,0.9923625588417053,-790.1984252929688,335553.6875,186,443599.3125,0.0007,3201.9189189189187,25.0
188,666,1,940,-5.9604644775390625e-06,0.9923483729362488,-790.2237548828125,729225.0625,187,533775.8125,0.0007,3201.9189189189187,25.0
189,671,1,945,1.1920928955078125e-07,0.9923080205917358,-790.215576171875,34612.9765625,188,126676.6875,0.0007,3201.9189189189187,25.0
190,675,1,950,0.002498149871826172,0.9923095703125,-790.193359375,0.31396546959877014,189,-401.6898193359375,0.0007,3197.2368421052633,25.0
191,677,1,955,-0.0034780502319335938,0.9923269152641296,-790.1942138671875,107557.2265625,190,260971.328125,0.0007,3197.2368421052633,25.0
192,679,1,960,-2.384185791015625e-07,0.992328405380249,-790.2042236328125,57536.0,191,177493.015625,0.0007,3197.2368421052633,25.0
193,681,1,965,-2.2649765014648438e-06,0.9923262596130371,-790.2044677734375,60405.88671875,192,179227.921875,0.0007,3197.2368421052633,25.0
194,683,1,970,-6.9141387939453125e-06,0.9923653602600098,-790.2032470703125,36138.7109375,193,139642.140625,0.0007,3197.2368421052633,25.0
195,685,1,975,-2.09808349609375e-05,0.9923441410064697,-790.2252807617188,24948.908203125,194,107152.390625,0.0007,3153.5128205128203,25.0
196,687,1,980,-1.1920928955078125e-07,0.9923503398895264,-790.2131958007812,21922.333984375,195,101602.609375,0.0007,3153.5128205128203,25.0
197,691,1,985,-1.1920928955078125e-07,0.9923721551895142,-790.2166748046875,156290.40625,196,262511.75,0.0007,3153.5128205128203,25.0
198,695,1,990,-2.1576881408691406e-05,0.9923637509346008,-790.2294921875,346595.1875,197,429502.8125,0.0007,3153.5128205128203,25.0
199,699,1,995,0.0,0.99232417345047,-790.2247924804688,306222.8125,198,356892.59375,0.0007,3153.5128205128203,25.0
200,702,1,1000,3.135204315185547e-05,0.9923275709152222,-790.2021484375,194280.578125,199,319216.65625,0.0007,3154.95,25.0
201,707,1,1005,-3.075599670410156e-05,0.9923833608627319,-790.2039184570312,4991.7578125,200,56880.54296875,0.0007,3154.95,25.0
202,712,1,1010,-2.3365020751953125e-05,0.9923363924026489,-790.2351684570312,769305.0,201,606476.75,0.0007,3154.95,25.0
203,716,1,1015,0.0,0.9923399686813354,-790.2081909179688,725190.0,202,590795.6875,0.0007,3154.95,25.0
204,721,1,1020,5.960464477539063e-08,0.9922794699668884,-790.209716796875,47681.8125,203,117291.046875,0.0007,3154.95,25.0
205,725,1,1025,1.7642974853515625e-05,0.9922780990600586,-790.1758422851562,0.33657190203666687,204,-416.8384704589844,0.0007,3158.2195121951218,25.0
206,727,1,1030,0.0,0.9922673106193542,-790.1751708984375,7096.0986328125,205,66389.5625,0.0007,3158.2195121951218,25.0
207,729,1,1035,-5.602836608886719e-06,0.9922487735748291,-790.1685180664062,142391.03125,206,259069.421875,0.0007,3158.2195121951218,25.0
208,734,1,1040,1.4901161193847656e-06,0.9922005534172058,-790.1578979492188,153282.46875,207,282152.625,0.0007,3158.2195121951218,25.0
209,737,1,1045,-8.463859558105469e-06,0.9921950101852417,-790.1312255859375,691997.9375,208,526715.25,0.0007,3158.2195121951218,25.0
210,739,1,1050,-1.1920928955078125e-07,0.9922086596488953,-790.128173828125,77076.8046875,209,184923.640625,0.0007,3161.214285714286,25.0
211,743,1,1055,3.504753112792969e-05,0.992173969745636,-790.1358642578125,48940.3359375,210,153193.65625,0.0007,3161.214285714286,25.0
212,748,1,1060,-3.5762786865234375e-07,0.9921610355377197,-790.1160888671875,289185.3125,211,394829.34375,0.0007,3161.214285714286,25.0
213,751,1,1065,-1.0371208190917969e-05,0.9921225309371948,-790.1084594726562,505212.40625,212,445742.90625,0.0007,3161.214285714286,25.0
214,756,1,1070,0.0,0.992139458656311,-790.0867919921875,53369.23046875,213,170611.703125,0.0007,3161.214285714286,25.0
215,760,1,1075,0.0,0.9921315908432007,-790.0958251953125,624759.3125,214,562893.125,0.0007,3177.6279069767443,25.0
216,762,1,1080,0.0035626888275146484,0.9921698570251465,-790.091064453125,80849.7890625,215,227844.5,0.0007,3177.6279069767443,25.0
217,764,1,1085,-1.3113021850585938e-05,0.992219090461731,-790.1123657226562,71204.4140625,216,179872.53125,0.0007,3177.6279069767443,25.0
218,766,1,1090,-1.1920928955078125e-06,0.9922294616699219,-790.1407470703125,58178.19921875,217,164156.546875,0.0007,3177.6279069767443,25.0
219,768,1,1095,-7.62939453125e-06,0.9922783970832825,-790.146240234375,59900.1640625,218,174240.546875,0.0007,3177.6279069767443,25.0
220,769,1,1100,2.384185791015625e-07,0.9922572374343872,-790.1729125976562,56948.6640625,219,174337.0,0.0007,3149.9545454545455,25.0
221,772,1,1105,-1.1920928955078125e-07,0.9923186302185059,-790.1611938476562,44676.5625,220,156715.5,0.0007,3149.9545454545455,25.0
222,776,1,1110,-4.291534423828125e-06,0.9922497272491455,-790.1954956054688,450846.8125,221,504441.9375,0.0007,3149.9545454545455,25.0
223,778,1,1115,3.5762786865234375e-07,0.9922444224357605,-790.156494140625,484757.5625,222,516652.59375,0.0007,3149.9545454545455,25.0
224,781,1,1120,0.0,0.9922145009040833,-790.1530151367188,51386.81640625,223,133098.03125,0.0007,3149.9545454545455,25.0
225,784,1,1125,0.0,0.9921988248825073,-790.13671875,267112.84375,224,397192.8125,0.0007,3148.4,25.0
226,787,1,1130,4.0471553802490234e-05,0.9921665787696838,-790.127685546875,101.91035461425781,225,3542.73828125,0.0007,3148.4,25.0
227,790,1,1135,-1.609325408935547e-05,0.9921596050262451,-790.1095581054688,594175.0,226,575508.25,0.0007,3148.4,25.0
228,792,1,1140,-1.1920928955078125e-07,0.992170512676239,-790.10498046875,274869.90625,227,339349.9375,0.0007,3148.4,25.0
229,795,1,1145,0.0,0.9921724796295166,-790.11083984375,25705.31640625,228,105709.359375,0.0007,3148.4,25.0
230,800,1,1150,0.0,0.9921694993972778,-790.1114501953125,82068.9765625,229,217116.34375,0.0007,3154.0652173913045,25.0
231,804,1,1155,2.384185791015625e-07,0.9921181797981262,-790.109375,282505.9375,230,387589.3125,0.0007,3154.0652173913045,25.0
232,808,1,1160,-1.7881393432617188e-06,0.9921171069145203,-790.0797119140625,576613.75,231,504721.59375,0.0007,3154.0652173913045,25.0
233,809,1,1165,-4.410743713378906e-06,0.9920842051506042,-790.0791625976562,420600.15625,232,409691.6875,0.0007,3154.0652173913045,25.0
234,812,1,1170,-1.1920928955078125e-07,0.9920623898506165,-790.0610961914062,10324.8125,233,68442.3359375,0.0007,3154.0652173913045,25.0
235,816,1,1175,-2.384185791015625e-07,0.9920743703842163,-790.0491943359375,264528.0625,234,400589.375,0.0007,3165.148936170213,25.0
236,818,1,1180,-1.1920928955078125e-07,0.9920840859413147,-790.055419921875,119925.6484375,235,255165.875,0.0007,3165.148936170213,25.0
237,822,1,1185,-1.1920928955078125e-07,0.9920750260353088,-790.060302734375,86096.8359375,236,213261.71875,0.0007,3165.148936170213,25.0
238,825,1,1190,-1.0013580322265625e-05,0.9920691251754761,-790.0552978515625,516257.5,237,472368.84375,0.0007,3165.148936170213,25.0
239,827,1,1195,1.1920928955078125e-07,0.992110550403595,-790.0523071289062,355335.4375,238,381599.0625,0.0007,3165.148936170213,25.0
240,829,1,1200,0.0,0.9920671582221985,-790.075439453125,30446.71484375,239,113259.515625,0.0007,3162.3541666666665,25.0
241,832,1,1205,-1.1920928955078125e-07,0.9920960664749146,-790.0506591796875,3082.72705078125,240,26851.98046875,0.0007,3162.3541666666665,25.0
242,836,1,1210,-1.704692840576172e-05,0.9920975565910339,-790.0670166015625,409931.75,241,474028.40625,0.0007,3162.3541666666665,25.0
243,837,1,1215,-1.1920928955078125e-07,0.9920815825462341,-790.06787109375,364661.09375,242,408928.0625,0.0007,3162.3541666666665,25.0
244,841,1,1220,0.0,0.992083728313446,-790.0585327148438,77890.6015625,243,214279.375,0.0007,3162.3541666666665,25.0
245,844,1,1225,-1.1920928955078125e-07,0.9920464754104614,-790.0592041015625,286902.78125,244,358408.25,0.0007,3164.1020408163267,25.0
246,845,1,1230,-0.003441452980041504,0.9920555353164673,-790.037841796875,31845.015625,245,141393.09375,0.0007,3164.1020408163267,25.0
247,850,1,1235,1.7881393432617188e-07,0.9920896291732788,-790.0429077148438,49355.30078125,246,164679.671875,0.0007,3164.1020408163267,25.0
248,854,1,1240,-1.0848045349121094e-05,0.9921075105667114,-790.061767578125,787568.0,247,633435.25,0.0007,3164.1020408163267,25.0
249,857,1,1245,5.960464477539063e-08,0.9920989871025085,-790.07177734375,503446.90625,248,547970.1875,0.0007,3164.1020408163267,25.0
250,859,1,1250,0.0,0.9921194911003113,-790.0665283203125,13940.8623046875,249,42489.0390625,0.0007,3158.92,25.0
251,863,1,1255,1.1920928955078125e-07,0.9921819567680359,-790.0777587890625,19330.369140625,250,112133.5234375,0.0007,3158.92,25.0
252,867,1,1260,-1.2993812561035156e-05,0.9922381639480591,-790.1126098632812,780901.625,251,636234.375,0.0007,3158.92,25.0
253,869,1,1265,-1.1920928955078125e-07,0.9921868443489075,-790.14453125,388507.625,252,393462.75,0.0007,3158.92,25.0
254,874,1,1270,-2.384185791015625e-07,0.9921876192092896,-790.1156005859375,95460.953125,253,233385.46875,0.0007,3158.92,25.0
255,876,1,1275,2.384185791015625e-07,0.9921973347663879,-790.1159057617188,51174.55078125,254,97432.921875,0.0007,3164.0,25.0
256,882,1,1280,-6.830692291259766e-05,0.992170512676239,-790.12158203125,34910.8359375,255,146693.796875,0.0007,3164.0,25.0
257,888,1,1285,-1.049041748046875e-05,0.9921576380729675,-790.106201171875,969242.0,256,691638.125,0.0007,3164.0,25.0
258,891,1,1290,-1.1920928955078125e-07,0.9921630024909973,-790.0989379882812,636863.375,257,594002.875,0.0007,3164.0,25.0
259,895,1,1295,-1.1920928955078125e-07,0.992138147354126,-790.1018676757812,108454.546875,258,230395.84375,0.0007,3164.0,25.0
260,900,1,1300,0.0,0.9921083450317383,-790.0877685546875,41824.3359375,259,97706.859375,0.0007,3173.0,25.0
261,903,1,1305,0.0,0.9920533299446106,-790.0707397460938,25022.978515625,260,123054.796875,0.0007,3173.0,25.0
262,906,1,1310,-1.5854835510253906e-05,0.9920660853385925,-790.0396728515625,357395.625,261,431799.15625,0.0007,3173.0,25.0
263,908,1,1315,1.1920928955078125e-07,0.9920541048049927,-790.0466918945312,335297.0625,262,402371.90625,0.0007,3173.0,25.0
264,910,1,1320,2.384185791015625e-07,0.9920270442962646,-790.0400390625,7269.83056640625,263,41829.9140625,0.0007,3173.0,25.0
265,914,1,1325,1.1920928955078125e-07,0.992048442363739,-790.0244140625,168654.875,264,309033.15625,0.0007,3184.0754716981132,25.0
266,916,1,1330,-1.1920928955078125e-07,0.9920867681503296,-790.0362548828125,667581.125,265,626069.5,0.0007,3184.0754716981132,25.0
267,918,1,1335,-1.1205673217773438e-05,0.9920669794082642,-790.0574340820312,53134.25,266,166291.296875,0.0007,3184.0754716981132,25.0
268,919,1,1340,-2.5033950805664062e-05,0.9920371174812317,-790.0460815429688,124830.5390625,267,256513.578125,0.0007,3184.0754716981132,25.0
269,922,1,1345,-2.384185791015625e-07,0.9920566082000732,-790.0286865234375,39694.296875,268,147731.625,0.0007,3184.0754716981132,25.0
270,923,1,1350,5.960464477539063e-08,0.9920511245727539,-790.039794921875,129125.546875,269,252908.90625,0.0007,3160.9444444444443,25.0
271,924,1,1355,0.0,0.9920488595962524,-790.036865234375,18775.732421875,270,97757.203125,0.0007,3160.9444444444443,25.0
272,928,1,1360,-6.651878356933594e-05,0.9920542240142822,-790.03515625,13555.580078125,271,87474.3125,0.0007,3160.9444444444443,25.0
273,931,1,1365,7.152557373046875e-07,0.9920578002929688,-790.0384521484375,459530.65625,272,508116.40625,0.0007,3160.9444444444443,25.0
274,935,1,1370,0.0,0.9920512437820435,-790.0400390625,426282.84375,273,460017.40625,0.0007,3160.9444444444443,25.0
275,937,1,1375,0.0,0.9920299053192139,-790.0362548828125,195227.75,274,285073.125,0.0007,3155.5636363636363,25.0
276,939,1,1380,1.1920928955078125e-07,0.9919954538345337,-790.0238647460938,7305.0625,275,65422.0,0.0007,3155.5636363636363,25.0
277,941,1,1385,-3.361701965332031e-05,0.9919746518135071,-790.00439453125,83098.7734375,276,200695.546875,0.0007,3155.5636363636363,25.0
278,943,1,1390,5.960464477539063e-08,0.992021381855011,-789.9925537109375,63371.7421875,277,175082.828125,0.0007,3155.5636363636363,25.0
279,945,1,1395,0.0,0.9920473098754883,-790.0184936523438,49691.79296875,278,166844.109375,0.0007,3155.5636363636363,25.0
280,947,1,1400,0.0,0.992035448551178,-790.0330200195312,29592.06640625,279,123297.828125,0.0007,3134.3928571428573,25.0
281,949,1,1405,0.0,0.992050290107727,-790.0262451171875,185821.0625,280,339414.34375,0.0007,3134.3928571428573,25.0
282,952,1,1410,-4.9948692321777344e-05,0.9920307993888855,-790.0350952148438,65618.0859375,281,196432.265625,0.0007,3134.3928571428573,25.0
283,955,1,1415,0.0,0.9920333623886108,-790.02392578125,545205.375,282,538818.375,0.0007,3134.3928571428573,25.0
284,959,1,1420,-2.384185791015625e-07,0.9920285940170288,-790.0244750976562,230551.28125,283,345488.1875,0.0007,3134.3928571428573,25.0
285,962,1,1425,0.0,0.9920411109924316,-790.022216796875,334194.0,284,404305.5,0.0007,3146.5438596491226,25.0
286,964,1,1430,0.0,0.9920129179954529,-790.029052734375,266519.5625,285,389161.375,0.0007,3146.5438596491226,25.0
287,967,1,1435,-1.4066696166992188e-05,0.9920204281806946,-790.0126342773438,123333.875,286,257503.671875,0.0007,3146.5438596491226,25.0
288,970,1,1440,1.1920928955078125e-07,0.9920294880867004,-790.0169067382812,748534.875,287,619955.125,0.0007,3146.5438596491226,25.0
289,973,1,1445,0.0,0.9920013546943665,-790.021728515625,126158.078125,288,263783.9375,0.0007,3146.5438596491226,25.0
290,975,1,1450,-1.1920928955078125e-07,0.992050051689148,-790.0061645507812,233234.125,289,295954.8125,0.0007,3149.7241379310344,25.0
291,978,1,1455,0.0,0.992051362991333,-790.032958984375,7063.86181640625,290,39982.54296875,0.0007,3149.7241379310344,25.0
292,982,1,1460,-2.288818359375e-05,0.9920496344566345,-790.033447265625,647415.75,291,620058.625,0.0007,3149.7241379310344,25.0
293,984,1,1465,0.0,0.9920303225517273,-790.0327758789062,274926.09375,292,334502.40625,0.0007,3149.7241379310344,25.0
294,989,1,1470,0.0,0.9920084476470947,-790.0211181640625,49153.84375,293,157308.140625,0.0007,3149.7241379310344,25.0
295,992,1,1475,-1.1920928955078125e-07,0.9920459389686584,-790.0084228515625,836140.875,294,651407.875,0.0007,3163.7457627118642,25.0
296,994,1,1480,-3.4570693969726562e-06,0.9920670390129089,-790.0291137695312,104441.09375,295,257462.828125,0.0007,3163.7457627118642,25.0
297,999,1,1485,1.1920928955078125e-07,0.9920276999473572,-790.0407104492188,98783.078125,296,228188.625,0.0007,3163.7457627118642,25.0
298,1001,1,1490,-1.1920928955078125e-07,0.9920689463615417,-790.0184326171875,879756.125,297,678546.8125,0.0007,3163.7457627118642,25.0
299,1003,1,1495,1.1920928955078125e-07,0.9920388460159302,-790.0414428710938,69071.75,298,180962.828125,0.0007,3163.7457627118642,25.0
300,1007,1,1500,-2.384185791015625e-07,0.992023229598999,-790.0244140625,80586.96875,299,211699.875,0.0007,3172.366666666667,25.0
301,1010,1,1505,0.0,0.9920036196708679,-790.01513671875,472754.5625,300,450351.15625,0.0007,3172.366666666667,25.0
302,1011,1,1510,-1.6689300537109375e-05,0.9920231699943542,-790.0037231445312,109709.703125,301,212052.59375,0.0007,3172.366666666667,25.0
303,1013,1,1515,1.7881393432617188e-07,0.9920102953910828,-790.0142211914062,34622.44921875,302,133725.59375,0.0007,3172.366666666667,25.0
304,1015,1,1520,-2.384185791015625e-07,0.9920425415039062,-790.0068969726562,43675.4453125,303,142801.59375,0.0007,3172.366666666667,25.0
305,1017,1,1525,0.0,0.9920877814292908,-790.0250244140625,51554.95703125,304,154198.59375,0.0007,3151.1475409836066,25.0
306,1020,1,1530,0.0,0.9921295046806335,-790.0509033203125,24171.447265625,305,115140.625,0.0007,3151.1475409836066,25.0
307,1024,1,1535,-1.1444091796875e-05,0.9921189546585083,-790.0740966796875,478122.40625,306,508011.40625,0.0007,3151.1475409836066,25.0
308,1027,1,1540,5.960464477539063e-08,0.9921284317970276,-790.0676879882812,363284.90625,307,401218.15625,0.0007,3151.1475409836066,25.0
309,1031,1,1545,0.0,0.9921278953552246,-790.0732421875,532529.0,308,527452.5625,0.0007,3151.1475409836066,25.0
310,1033,1,1550,-1.1920928955078125e-07,0.9920759201049805,-790.0728149414062,44256.9921875,309,114302.0859375,0.0007,3159.1290322580644,25.0
311,1036,1,1555,-0.0004347562789916992,0.9920926690101624,-790.0430908203125,33588.53125,310,145547.53125,0.0007,3159.1290322580644,25.0
312,1038,1,1560,1.1920928955078125e-07,0.9921039938926697,-790.0528564453125,440315.4375,311,418404.0625,0.0007,3159.1290322580644,25.0
313,1042,1,1565,0.0,0.9920804500579834,-790.0593872070312,74756.1875,312,205268.0,0.0007,3159.1290322580644,25.0
314,1045,1,1570,0.0,0.9921121597290039,-790.0455932617188,508421.1875,313,526364.0625,0.0007,3159.1290322580644,25.0
315,1047,1,1575,5.960464477539063e-08,0.9921047687530518,-790.0630493164062,228909.921875,314,295780.0625,0.0007,3168.8253968253966,25.0
316,1051,1,1580,0.0,0.9920758008956909,-790.058349609375,45775.0390625,315,134875.875,0.0007,3168.8253968253966,25.0
317,1053,1,1585,0.0,0.9920690059661865,-790.0421142578125,895063.0,316,657413.125,0.0007,3168.8253968253966,25.0
318,1056,1,1590,-1.1920928955078125e-07,0.9920263886451721,-790.0383911132812,52938.88671875,317,167308.140625,0.0007,3168.8253968253966,25.0
319,1058,1,1595,0.0,0.9920344948768616,-790.013916015625,757296.1875,318,649057.125,0.0007,3168.8253968253966,25.0
320,1062,1,1600,0.0,0.9920148849487305,-790.0186767578125,66366.6015625,319,174711.53125,0.0007,3179.171875,25.0
321,1063,1,1605,-1.1920928955078125e-07,0.9919919967651367,-790.0074462890625,99029.484375,320,209277.84375,0.0007,3179.171875,25.0
322,1067,1,1610,-1.1920928955078125e-06,0.9919384717941284,-789.994384765625,30431.45703125,321,130683.265625,0.0007,3179.171875,25.0
323,1071,1,1615,-8.344650268554688e-07,0.9919136166572571,-789.9640502929688,979194.0,322,724937.875,0.0007,3179.171875,25.0
324,1076,1,1620,0.0,0.9919429421424866,-789.949951171875,484641.25,323,497826.59375,0.0007,3179.171875,25.0
325,1080,1,1625,5.960464477539063e-08,0.9919741153717041,-789.9659423828125,655904.25,324,552845.625,0.0007,3199.8,25.0
326,1082,1,1630,0.0,0.9919816255569458,-789.9841918945312,216136.03125,325,369011.15625,0.0007,3199.8,25.0
327,1087,1,1635,0.0,0.9919635057449341,-789.9879150390625,129386.828125,326,256530.40625,0.0007,3199.8,25.0
328,1090,1,1640,1.1920928955078125e-07,0.9919537305831909,-789.9771118164062,959034.125,327,665134.0625,0.0007,3199.8,25.0
329,1095,1,1645,0.0,0.9919525384902954,-789.9710693359375,120682.796875,328,242661.71875,0.0007,3199.8,25.0
330,1097,1,1650,0.0,0.9919417500495911,-789.9708251953125,326976.59375,329,319168.125,0.0007,3211.3636363636365,25.0
331,1099,1,1655,5.960464477539063e-08,0.9919699430465698,-789.9652099609375,57691.2734375,330,191694.59375,0.0007,3211.3636363636365,25.0
332,1101,1,1660,2.384185791015625e-07,0.9919546842575073,-789.9810180664062,80579.3359375,331,182317.296875,0.0007,3211.3636363636365,25.0
333,1103,1,1665,0.0,0.9919566512107849,-789.9723510742188,48753.05859375,332,156335.28125,0.0007,3211.3636363636365,25.0
334,1104,1,1670,0.0,0.9919536113739014,-789.9732055664062,21870.986328125,333,101912.296875,0.0007,3211.3636363636365,25.0
335,1106,1,1675,0.0,0.9918792843818665,-789.971435546875,23967.884765625,334,110799.3515625,0.0007,3185.208955223881,25.0
336,1109,1,1680,0.0,0.9918553233146667,-789.92919921875,8278.869140625,335,54571.6171875,0.0007,3185.208955223881,25.0
337,1110,1,1685,-1.1920928955078125e-07,0.9918197393417358,-789.9150390625,487819.09375,336,430980.8125,0.0007,3185.208955223881,25.0
338,1112,1,1690,0.0,0.9918773174285889,-789.8944091796875,13926.861328125,337,81698.171875,0.0007,3185.208955223881,25.0
339,1116,1,1695,-2.384185791015625e-07,0.9918820261955261,-789.9263916015625,138739.546875,338,284169.75,0.0007,3185.208955223881,25.0
340,1118,1,1700,0.0,0.9918387532234192,-789.9286499023438,206928.203125,339,268665.96875,0.0007,3181.75,25.0
341,1121,1,1705,1.8477439880371094e-06,0.9918563961982727,-789.9041748046875,16957.33984375,340,85365.34375,0.0007,3181.75,25.0
342,1124,1,1710,0.0,0.9918577075004578,-789.91455078125,465211.5,341,507264.5,0.0007,3181.75,25.0
343,1127,1,1715,-1.1920928955078125e-07,0.9918271899223328,-789.9152221679688,111935.9609375,342,246329.40625,0.0007,3181.75,25.0
344,1128,1,1720,-1.1920928955078125e-07,0.9918164014816284,-789.897705078125,111092.125,343,184261.421875,0.0007,3181.75,25.0
345,1130,1,1725,5.960464477539063e-08,0.9918292164802551,-789.8917846679688,7336.34130859375,344,59933.3125,0.0007,3173.072463768116,25.0
346,1132,1,1730,0.0,0.9918088912963867,-789.8988647460938,50481.6015625,345,153252.21875,0.0007,3173.072463768116,25.0
347,1136,1,1735,-1.1920928955078125e-07,0.9918273687362671,-789.8875732421875,68253.984375,346,190110.828125,0.0007,3173.072463768116,25.0
348,1141,1,1740,0.0,0.9918478727340698,-789.898193359375,617820.125,347,587191.5625,0.0007,3173.072463768116,25.0
349,1142,1,1745,-1.1920928955078125e-07,0.9918511509895325,-789.9102172851562,405188.0625,348,448272.9375,0.0007,3173.072463768116,25.0
350,1146,1,1750,0.0,0.9918415546417236,-789.9116821289062,25837.0546875,349,117019.125,0.0007,3171.2571428571428,25.0
351,1148,1,1755,0.0,0.9918524622917175,-789.9056396484375,63732.57421875,350,194452.65625,0.0007,3171.2571428571428,25.0
352,1150,1,1760,-1.5616416931152344e-05,0.9918146133422852,-789.9119873046875,109345.875,351,248643.828125,0.0007,3171.2571428571428,25.0
353,1152,1,1765,0.0,0.9918184280395508,-789.890380859375,121944.5,352,256440.03125,0.0007,3171.2571428571428,25.0
354,1153,1,1770,-2.384185791015625e-07,0.9918159246444702,-789.892822265625,64036.19921875,353,168233.8125,0.0007,3171.2571428571428,25.0
355,1155,1,1775,0.0,0.9918248057365417,-789.891357421875,16359.5673828125,354,91029.2734375,0.0007,3156.2676056338028,25.0
356,1158,1,1780,1.7881393432617188e-07,0.9917988181114197,-789.8963623046875,147848.71875,355,285047.34375,0.0007,3156.2676056338028,25.0
357,1160,1,1785,0.0,0.9917649626731873,-789.8819580078125,114771.2109375,356,227252.34375,0.0007,3156.2676056338028,25.0
358,1164,1,1790,-1.1920928955078125e-07,0.9917219877243042,-789.86181640625,135553.96875,357,266593.9375,0.0007,3156.2676056338028,25.0
359,1168,1,1795,-1.1920928955078125e-07,0.9916610717773438,-789.8374633789062,394837.46875,358,397491.5,0.0007,3156.2676056338028,25.0
360,1170,1,1800,1.7881393432617188e-07,0.9917072653770447,-789.8027954101562,416226.1875,359,454234.34375,0.0007,3156.6666666666665,25.0
361,1173,1,1805,0.0,0.9916518330574036,-789.8290405273438,5446.24267578125,360,41440.46875,0.0007,3156.6666666666665,25.0
362,1175,1,1810,-1.1920928955078125e-07,0.9916309714317322,-789.797607421875,150671.90625,361,226356.75,0.0007,3156.6666666666665,25.0
363,1177,1,1815,-1.1920928955078125e-07,0.9916500449180603,-789.7862548828125,41173.5546875,362,133343.15625,0.0007,3156.6666666666665,25.0
364,1180,1,1820,-2.384185791015625e-07,0.9916388392448425,-789.7968139648438,245812.75,363,379347.78125,0.0007,3156.6666666666665,25.0
365,1183,1,1825,0.0,0.9916356801986694,-789.790283203125,48309.10546875,364,140182.765625,0.0007,3154.7123287671234,25.0
366,1186,1,1830,0.0,0.9915878176689148,-789.78857421875,387963.59375,365,460605.3125,0.0007,3154.7123287671234,25.0
367,1189,1,1835,0.0,0.9915993809700012,-789.760986328125,209142.125,366,277054.65625,0.0007,3154.7123287671234,25.0
368,1194,1,1840,0.0,0.9915871620178223,-789.7674560546875,147573.5,367,286855.3125,0.0007,3154.7123287671234,25.0
369,1198,1,1845,1.1920928955078125e-07,0.9915589690208435,-789.7599487304688,316465.6875,368,384655.21875,0.0007,3154.7123287671234,25.0
370,1202,1,1850,-1.1920928955078125e-07,0.9915596842765808,-789.7437744140625,171137.859375,369,262241.8125,0.0007,3162.3513513513512,25.0
371,1206,1,1855,-2.384185791015625e-07,0.9915675520896912,-789.7445068359375,132994.40625,370,272143.71875,0.0007,3162.3513513513512,25.0
372,1208,1,1860,0.0,0.9915926456451416,-789.7490234375,546125.0625,371,528828.8125,0.0007,3162.3513513513512,25.0
373,1212,1,1865,0.0,0.9915869832038879,-789.7628173828125,39514.79296875,372,114342.0859375,0.0007,3162.3513513513512,25.0
374,1216,1,1870,1.1920928955078125e-07,0.9915786981582642,-789.7586669921875,376665.1875,373,461477.59375,0.0007,3162.3513513513512,25.0
375,1220,1,1875,-2.384185791015625e-07,0.9915962219238281,-789.75390625,273172.9375,374,373827.75,0.0007,3169.64,25.0
376,1222,1,1880,1.1324882507324219e-05,0.9915632009506226,-789.7633056640625,74963.171875,375,167772.84375,0.0007,3169.64,25.0
377,1226,1,1885,1.7881393432617188e-07,0.9915163516998291,-789.7452392578125,113065.0859375,376,229435.953125,0.0007,3169.64,25.0
378,1230,1,1890,0.0,0.9915207028388977,-789.7182006835938,748151.875,377,637572.125,0.0007,3169.64,25.0
379,1234,1,1895,1.1920928955078125e-07,0.9915375709533691,-789.720947265625,515143.75,378,550033.125,0.0007,3169.64,25.0
380,1236,1,1900,0.0,0.9915697574615479,-789.7308349609375,139026.71875,379,243604.90625,0.0007,3179.7105263157896,25.0
381,1239,1,1905,0.0,0.9915347695350647,-789.749755859375,163296.484375,380,310882.6875,0.0007,3179.7105263157896,25.0
382,1243,1,1910,0.0,0.9915204644203186,-789.7294921875,109055.6640625,381,243777.796875,0.0007,3179.7105263157896,25.0
383,1245,1,1915,0.0,0.9915140271186829,-789.72119140625,202691.3125,382,315513.1875,0.0007,3179.7105263157896,25.0
384,1248,1,1920,0.0,0.991484522819519,-789.7178344726562,19140.533203125,383,104625.234375,0.0007,3179.7105263157896,25.0
385,1250,1,1925,0.0,0.9914873242378235,-789.7011108398438,155307.421875,384,284519.6875,0.0007,3167.688311688312,25.0
386,1252,1,1930,0.0,0.991471529006958,-789.7022094726562,24731.03515625,385,99922.859375,0.0007,3167.688311688312,25.0
387,1255,1,1935,-1.1920928955078125e-07,0.9914812445640564,-789.692626953125,94156.40625,386,207184.625,0.0007,3167.688311688312,25.0
388,1259,1,1940,0.0,0.9914193153381348,-789.6985473632812,81281.4375,387,205727.9375,0.0007,3167.688311688312,25.0
389,1261,1,1945,0.0,0.9914115071296692,-789.6629638671875,395986.28125,388,401070.90625,0.0007,3167.688311688312,25.0
390,1265,1,1950,1.7881393432617188e-07,0.9914510250091553,-789.65869140625,43541.9375,389,156026.703125,0.0007,3170.6153846153848,25.0
391,1268,1,1955,0.0,0.9913724660873413,-789.6804809570312,722165.5,390,587856.1875,0.0007,3170.6153846153848,25.0
392,1271,1,1960,-6.198883056640625e-06,0.9913647174835205,-789.6360473632812,632663.0,391,576945.5,0.0007,3170.6153846153848,25.0
393,1274,1,1965,-1.1920928955078125e-07,0.9913563132286072,-789.6317138671875,455923.25,392,436700.8125,0.0007,3170.6153846153848,25.0
394,1277,1,1970,-1.1920928955078125e-07,0.9913752675056458,-789.6267700195312,508951.90625,393,531112.1875,0.0007,3170.6153846153848,25.0
395,1280,1,1975,0.0,0.9913839101791382,-789.6373901367188,10461.75390625,394,36247.96875,0.0007,3176.240506329114,25.0
396,1282,1,1980,0.0,0.9913866519927979,-789.6415405273438,1781.896728515625,395,33412.0390625,0.0007,3176.240506329114,25.0
397,1284,1,1985,0.0,0.991379976272583,-789.642578125,37580.73046875,396,138726.09375,0.0007,3176.240506329114,25.0
398,1286,1,1990,0.0,0.9913975596427917,-789.6393432617188,72275.5703125,397,176519.890625,0.0007,3176.240506329114,25.0
399,1288,1,1995,-1.1920928955078125e-07,0.9914328455924988,-789.6485595703125,34337.89453125,398,126821.5859375,0.0007,3176.240506329114,25.0
400,1290,1,2000,-1.1920928955078125e-07,0.9914501905441284,-789.668212890625,54523.375,399,180029.6875,0.0007,3158.8125,25.0
